"integration_name","integration_company","integration_type","integration_url","integration_logo","integration_logo_url","integration_purpose","integration_description","image_integration_homepage","image_integration_homepage_url","integration_seo","integration_privacy_email"
"Solve CRM","Norada","Zapier","https://solve360.com/","","","customer relationship management","Solve is a productivity CRM for teams to manage customer workflows. Simplify all record keeping, scheduling, communication and information sharing - especially when mobile.","","","Use Solve CRM for your customer relationship management? LegalSite integrates directly so you can be GDPR/privacy compliant!","customercare@norada.com"
"LeadSquared","LeadSquared Inc.","Zapier","https://www.leadsquared.com/","","","sales and marketing","LeadSquared is a marketing automation and CRM solution that helps small to medium-sized businesses drive revenue by aligning their marketing and sales activities.","","","Use LeadSquared for sales and marketing? LegalSite integrates directly so you can be GDPR/privacy compliant!","privacy@leadsquared.com"
"essensys Operate","essensys Inc,","Zapier","https://essensys.tech/","","","workspace management","essensys Operate is a workspace management platform that helps space-as-a-service operators run their workspace from lead to cash and everything in between.","<img src=""https://s3-eu-west-1.amazonaws.com/assets.knack-eu.com/assets/5d4d2c26d8609100108653c4/5db64931fa7e76001554a8d8/thumb/screenshot.png"" />","https://s3-eu-west-1.amazonaws.com/assets.knack-eu.com/assets/5d4d2c26d8609100108653c4/5db64931fa7e76001554a8d8/original/screenshot.png","Use essensys Operate for your workspace management? LegalSite integrates directly so you can be GDPR/privacy compliant!","help@essensys.tech"
"Tolq","Tolq.com BV","API","https://www.tolq.com","<img src=""https://s3-eu-west-1.amazonaws.com/assets.knack-eu.com/assets/5d4d2c26d8609100108653c4/5d4d6a6a6d53f60010f5e452/thumb/tolqlogo2.png"" />","https://s3-eu-west-1.amazonaws.com/assets.knack-eu.com/assets/5d4d2c26d8609100108653c4/5d4d6a6a6d53f60010f5e452/original/tolqlogo2.png","translation","The translation solution built for e-commerce. Tolq provides all pieces of the puzzle in one single integrated solution. From all the required technology to professional human translators, we cover the entire spectrum.<br />","<img src=""https://s3-eu-west-1.amazonaws.com/assets.knack-eu.com/assets/5d4d2c26d8609100108653c4/5d4d6aec263e190011bb95f2/thumb/screenshot20190809at14.44.18.png"" />","https://s3-eu-west-1.amazonaws.com/assets.knack-eu.com/assets/5d4d2c26d8609100108653c4/5d4d6aec263e190011bb95f2/original/screenshot20190809at14.44.18.png","Use Tolq for your translations? LegalSite integrates directly so you can be GDPR/privacy compliant!","privacy@tolq.com"
"Slack","Slack, Inc.","Zapier","https://slack.com","<img src=""https://s3-eu-west-1.amazonaws.com/assets.knack-eu.com/assets/5d4d2c26d8609100108653c4/5d5178e99fc66b00149a7ef1/thumb/5cb480b85f1b6d3fbadece78.png"" />","https://s3-eu-west-1.amazonaws.com/assets.knack-eu.com/assets/5d4d2c26d8609100108653c4/5d5178e99fc66b00149a7ef1/original/5cb480b85f1b6d3fbadece78.png","communication","Slack is a platform for team communication: everything in one place, instantly searchable, available wherever you go. Offering instant messaging, document sharing and knowledge search for modern teams.","<img src=""https://s3-eu-west-1.amazonaws.com/assets.knack-eu.com/assets/5d4d2c26d8609100108653c4/5d8deecf2138860012979ed7/thumb/screenshot20190927at13.13.02.png"" />","https://s3-eu-west-1.amazonaws.com/assets.knack-eu.com/assets/5d4d2c26d8609100108653c4/5d8deecf2138860012979ed7/original/screenshot20190927at13.13.02.png","Use Slack as a communication channel? LegalSite integrates directly so you can be GDPR/privacy compliant!","privacy@slack.com"
"Google Sheets","Google, Inc.","Zapier","https://www.google.com/sheets/about/","<img src=""https://s3-eu-west-1.amazonaws.com/assets.knack-eu.com/assets/5d4d2c26d8609100108653c4/5d53f9dea51472001037ce01/thumb/8913a06feb7556d01285c052e4ad59d0.png"" />","https://s3-eu-west-1.amazonaws.com/assets.knack-eu.com/assets/5d4d2c26d8609100108653c4/5d53f9dea51472001037ce01/original/8913a06feb7556d01285c052e4ad59d0.png","spreadsheet creation","Create, edit, and share spreadsheets wherever you are with Google Sheets, and get automated insights from your data.","<img src=""https://s3-eu-west-1.amazonaws.com/assets.knack-eu.com/assets/5d4d2c26d8609100108653c4/5d53fa079e1d9700103fdf34/thumb/screenshot20190814at14.09.30.png"" />","https://s3-eu-west-1.amazonaws.com/assets.knack-eu.com/assets/5d4d2c26d8609100108653c4/5d53fa079e1d9700103fdf34/original/screenshot20190814at14.09.30.png","Use Google Sheets for your spreadsheet creation? LegalSite integrates directly so you can be GDPR/privacy compliant!","privacy@google.com"
"Hubspot","HubSpot, Inc.","Zapier","https://www.hubspot.com","<img src=""https://s3-eu-west-1.amazonaws.com/assets.knack-eu.com/assets/5d4d2c26d8609100108653c4/5d8a1ca8fd798e0012699e8e/thumb/5842a629a6515b1e0ad75afa.png"" />","https://s3-eu-west-1.amazonaws.com/assets.knack-eu.com/assets/5d4d2c26d8609100108653c4/5d8a1ca8fd798e0012699e8e/original/5842a629a6515b1e0ad75afa.png","customer relationship management","HubSpot is your all-in-one stop for all of your marketing software needs.","<img src=""https://s3-eu-west-1.amazonaws.com/assets.knack-eu.com/assets/5d4d2c26d8609100108653c4/5d8a1b0200ddc8001239c5a5/thumb/screenshothubspot.png"" />","https://s3-eu-west-1.amazonaws.com/assets.knack-eu.com/assets/5d4d2c26d8609100108653c4/5d8a1b0200ddc8001239c5a5/original/screenshothubspot.png","Use Hubspot for your customer relationship management? LegalSite integrates directly so you can be GDPR/privacy compliant!","privacy@hubspot.com"
"Pipedrive","Pipedrive, Inc.","Zapier","https://www.pipedrive.com","<img src=""https://s3-eu-west-1.amazonaws.com/assets.knack-eu.com/assets/5d4d2c26d8609100108653c4/5da4573f2cc11500165095a2/thumb/5b3c8f779357a48ff2188197.png"" />","https://s3-eu-west-1.amazonaws.com/assets.knack-eu.com/assets/5d4d2c26d8609100108653c4/5da4573f2cc11500165095a2/original/5b3c8f779357a48ff2188197.png","sales management software","Pipedrive is sales pipeline and CRM software for deal makers. Get super-organized. Close deals in less time. iOS and Android apps let you take your pipeline with you anywhere.","<img src=""https://s3-eu-west-1.amazonaws.com/assets.knack-eu.com/assets/5d4d2c26d8609100108653c4/5da4565bdcd67300162c29c8/thumb/screenshot.png"" />","https://s3-eu-west-1.amazonaws.com/assets.knack-eu.com/assets/5d4d2c26d8609100108653c4/5da4565bdcd67300162c29c8/original/screenshot.png","Use Pipedrive for your sales management software? LegalSite integrates directly so you can be GDPR/privacy compliant!","privacy@pipedrive.com"
"HubSpot CRM","HubSpot, Inc.","Zapier","https://www.hubspot.com/products/crm","<img src=""https://s3-eu-west-1.amazonaws.com/assets.knack-eu.com/assets/5d4d2c26d8609100108653c4/5dac66c2601bf0001679259e/thumb/hubspotcrmlogo.png"" />","https://s3-eu-west-1.amazonaws.com/assets.knack-eu.com/assets/5d4d2c26d8609100108653c4/5dac66c2601bf0001679259e/original/hubspotcrmlogo.png","contact management","HubSpot CRM automatically logs emails with your contacts. It helps sales teams navigate and chart opportunities by tracking email conversations, contacts, companies, deals, and tasks all in one seamless package.","<img src=""https://s3-eu-west-1.amazonaws.com/assets.knack-eu.com/assets/5d4d2c26d8609100108653c4/5dac66e5dd3c31001784f3bb/thumb/screenshot.png"" />","https://s3-eu-west-1.amazonaws.com/assets.knack-eu.com/assets/5d4d2c26d8609100108653c4/5dac66e5dd3c31001784f3bb/original/screenshot.png","Use HubSpot CRM for your contact management? LegalSite integrates directly so you can be GDPR/privacy compliant!","privacy@hubspot.com"
"Salesforce","salesforce.com, inc.","Zapier","https://www.salesforce.com/?ir=1","<img src=""https://s3-eu-west-1.amazonaws.com/assets.knack-eu.com/assets/5d4d2c26d8609100108653c4/5dac6914b939f9001558612e/thumb/58482f67cef1014c0b5e4a81.png"" />","https://s3-eu-west-1.amazonaws.com/assets.knack-eu.com/assets/5d4d2c26d8609100108653c4/5dac6914b939f9001558612e/original/58482f67cef1014c0b5e4a81.png","customer relationship management","Salesforce is a leading enterprise customer relationship manager (CRM) application.","<img src=""https://s3-eu-west-1.amazonaws.com/assets.knack-eu.com/assets/5d4d2c26d8609100108653c4/5dac690fdf9a610018e3d2d7/thumb/screenshot.png"" />","https://s3-eu-west-1.amazonaws.com/assets.knack-eu.com/assets/5d4d2c26d8609100108653c4/5dac690fdf9a610018e3d2d7/original/screenshot.png","Use Salesforce for your customer relationship management? LegalSite integrates directly so you can be GDPR/privacy compliant!",""
"Infusionsoft by Keap","Keap","Zapier","https://keap.com/infusionsoft","<img src=""https://s3-eu-west-1.amazonaws.com/assets.knack-eu.com/assets/5d4d2c26d8609100108653c4/5dac69dcf5e8ee001630dcb4/thumb/keap.png"" />","https://s3-eu-west-1.amazonaws.com/assets.knack-eu.com/assets/5d4d2c26d8609100108653c4/5dac69dcf5e8ee001630dcb4/original/keap.png","customer relationship management","Infusionsoft by Keap is all-in-one marketing and sales automation software for small businesses. It effortlessly combines CRM, email marketing and e-commerce.","<img src=""https://s3-eu-west-1.amazonaws.com/assets.knack-eu.com/assets/5d4d2c26d8609100108653c4/5dac69e1dd3c31001784f4be/thumb/screenshot.png"" />","https://s3-eu-west-1.amazonaws.com/assets.knack-eu.com/assets/5d4d2c26d8609100108653c4/5dac69e1dd3c31001784f4be/original/screenshot.png","Use Infusionsoft by Keap for your customer relationship management? LegalSite integrates directly so you can be GDPR/privacy compliant!","legal@keap.com"
"Zoho CRM","Zoho Corporation Pvt. Ltd","Zapier","https://www.zoho.com/crm/","<img src=""https://s3-eu-west-1.amazonaws.com/assets.knack-eu.com/assets/5d4d2c26d8609100108653c4/5dac6afb272b3e00158154f1/thumb/zohologo1.png"" />","https://s3-eu-west-1.amazonaws.com/assets.knack-eu.com/assets/5d4d2c26d8609100108653c4/5dac6afb272b3e00158154f1/original/zohologo1.png","customer relationship management","Zoho CRM is a web-based CRM designed to attract, retain, and satisfy customers to grow your business.<br /><br />","<img src=""https://s3-eu-west-1.amazonaws.com/assets.knack-eu.com/assets/5d4d2c26d8609100108653c4/5dac6af499ba7e0016a8a61e/thumb/screenshot.png"" />","https://s3-eu-west-1.amazonaws.com/assets.knack-eu.com/assets/5d4d2c26d8609100108653c4/5dac6af499ba7e0016a8a61e/original/screenshot.png","Use Zoho CRM for your customer relationship management? LegalSite integrates directly so you can be GDPR/privacy compliant!","privacy@zohocorp.com"
"LionDesk"," LionDesk, LLC","Zapier","https://www.liondesk.com/","<img src=""https://s3-eu-west-1.amazonaws.com/assets.knack-eu.com/assets/5d4d2c26d8609100108653c4/5dac6b89fb683a0017b23a4d/thumb/darkgrayoriginallogo.png"" />","https://s3-eu-west-1.amazonaws.com/assets.knack-eu.com/assets/5d4d2c26d8609100108653c4/5dac6b89fb683a0017b23a4d/original/darkgrayoriginallogo.png","customer relationship management","LionDesk is the hub for Sales Professionals to help manage clients, transactions, automate marketing and more.","<img src=""https://s3-eu-west-1.amazonaws.com/assets.knack-eu.com/assets/5d4d2c26d8609100108653c4/5dac6b81601bf00016792733/thumb/screenshot.png"" />","https://s3-eu-west-1.amazonaws.com/assets.knack-eu.com/assets/5d4d2c26d8609100108653c4/5dac6b81601bf00016792733/original/screenshot.png","Use LionDesk for your customer relationship management? LegalSite integrates directly so you can be GDPR/privacy compliant!","contact@liondesk.com"
"Agile CRM","Agile CRM","Zapier","https://www.agilecrm.com/","<img src=""https://s3-eu-west-1.amazonaws.com/assets.knack-eu.com/assets/5d4d2c26d8609100108653c4/5dac6c41dd3c31001784f58f/thumb/agile.png"" />","https://s3-eu-west-1.amazonaws.com/assets.knack-eu.com/assets/5d4d2c26d8609100108653c4/5dac6c41dd3c31001784f58f/original/agile.png","customer relationship management","Agile CRM offers contact management, marketing automation, telephony, analytics, web engagement, real-time alerts and social suite. Track, nurture, and sell like a pro.","<img src=""https://s3-eu-west-1.amazonaws.com/assets.knack-eu.com/assets/5d4d2c26d8609100108653c4/5dac6c381125fd00165f9134/thumb/screenshot.png"" />","https://s3-eu-west-1.amazonaws.com/assets.knack-eu.com/assets/5d4d2c26d8609100108653c4/5dac6c381125fd00165f9134/original/screenshot.png","Use Agile CRM for your customer relationship management? LegalSite integrates directly so you can be GDPR/privacy compliant!","care@agilecrm.com"
"Insightly","Insightly, Inc.","Zapier","https://www.insightly.com/","<img src=""https://s3-eu-west-1.amazonaws.com/assets.knack-eu.com/assets/5d4d2c26d8609100108653c4/5dac6d6922cdc500159f4969/thumb/2042044898_insightlylogoinsightlycrmclipart.png"" />","https://s3-eu-west-1.amazonaws.com/assets.knack-eu.com/assets/5d4d2c26d8609100108653c4/5dac6d6922cdc500159f4969/original/2042044898_insightlylogoinsightlycrmclipart.png","marketing, sales, and project management","Insightly is a CRM and project management app that helps small to medium businesses manage contacts, track relationships, monitor sales pipeline, organize projects and more. It keeps all your critical business info on all your devices, so your company sells more and satisfies customers better.","<img src=""https://s3-eu-west-1.amazonaws.com/assets.knack-eu.com/assets/5d4d2c26d8609100108653c4/5dac6d6f60c62c0015e3b0ff/thumb/screenshot.png"" />","https://s3-eu-west-1.amazonaws.com/assets.knack-eu.com/assets/5d4d2c26d8609100108653c4/5dac6d6f60c62c0015e3b0ff/original/screenshot.png","Use Insightly for your marketing, sales, and project management? LegalSite integrates directly so you can be GDPR/privacy compliant!","contact@insight.ly"
"Streak","Rewardly, Inc.","Zapier","https://www.streak.com/","<img src=""https://s3-eu-west-1.amazonaws.com/assets.knack-eu.com/assets/5d4d2c26d8609100108653c4/5dac6e4f5d72c3001aa0aba4/thumb/streak.png"" />","https://s3-eu-west-1.amazonaws.com/assets.knack-eu.com/assets/5d4d2c26d8609100108653c4/5dac6e4f5d72c3001aa0aba4/original/streak.png","customer relationship management","Streak is a flexible CRM and process management system that lives inside your Gmail inbox.","<img src=""https://s3-eu-west-1.amazonaws.com/assets.knack-eu.com/assets/5d4d2c26d8609100108653c4/5dac6e54fb683a0017b23b54/thumb/screenshot.png"" />","https://s3-eu-west-1.amazonaws.com/assets.knack-eu.com/assets/5d4d2c26d8609100108653c4/5dac6e54fb683a0017b23b54/original/screenshot.png","Use Streak for your customer relationship management? LegalSite integrates directly so you can be GDPR/privacy compliant!","privacy@streak.com"
"Copper","Copper Enterprise, Inc.","Zapier","https://www.copper.com/","<img src=""https://s3-eu-west-1.amazonaws.com/assets.knack-eu.com/assets/5d4d2c26d8609100108653c4/5dac6f595d72c3001aa0abfe/thumb/coppericoncirclepink.png"" />","https://s3-eu-west-1.amazonaws.com/assets.knack-eu.com/assets/5d4d2c26d8609100108653c4/5dac6f595d72c3001aa0abfe/original/coppericoncirclepink.png","customer relationship management","Copper is a new kind of productivity CRM that's designed to do all your busywork, so you can focus on building long-lasting business relationships.","<img src=""https://s3-eu-west-1.amazonaws.com/assets.knack-eu.com/assets/5d4d2c26d8609100108653c4/5dac6f16f5e8ee001630de8a/thumb/screenshot.png"" />","https://s3-eu-west-1.amazonaws.com/assets.knack-eu.com/assets/5d4d2c26d8609100108653c4/5dac6f16f5e8ee001630de8a/original/screenshot.png","Use Copper for your customer relationship management? LegalSite integrates directly so you can be GDPR/privacy compliant!","privacy-questions@copper.com"
"Close","Elastic, Inc.","Zapier","https://close.com/","<img src=""https://s3-eu-west-1.amazonaws.com/assets.knack-eu.com/assets/5d4d2c26d8609100108653c4/5dac7029a216f30015ff6c68/thumb/close.png"" />","https://s3-eu-west-1.amazonaws.com/assets.knack-eu.com/assets/5d4d2c26d8609100108653c4/5dac7029a216f30015ff6c68/original/close.png","customer relationship management","Close is a sales productivity platform built to help you close more deals. With built-in calling, SMS, and email, your team can communicate with prospects and customers all in one place.","<img src=""https://s3-eu-west-1.amazonaws.com/assets.knack-eu.com/assets/5d4d2c26d8609100108653c4/5dac7038272b3e00158156c1/thumb/screenshot.png"" />","https://s3-eu-west-1.amazonaws.com/assets.knack-eu.com/assets/5d4d2c26d8609100108653c4/5dac7038272b3e00158156c1/original/screenshot.png","Use Close for your customer relationship management? LegalSite integrates directly so you can be GDPR/privacy compliant!","support@close.com"
"Freshsales","Freshworks Inc","Zapier","https://www.freshworks.com/freshsales-crm/","<img src=""https://s3-eu-west-1.amazonaws.com/assets.knack-eu.com/assets/5d4d2c26d8609100108653c4/5dac71d56039120015c8cd21/thumb/freshsaleslogo1.png"" />","https://s3-eu-west-1.amazonaws.com/assets.knack-eu.com/assets/5d4d2c26d8609100108653c4/5dac71d56039120015c8cd21/original/freshsaleslogo1.png","customer relationship management","Freshsales is an online, cloud-based CRM with Integrated phone and email, User behavior tracking, Lead scoring and more.","<img src=""https://s3-eu-west-1.amazonaws.com/assets.knack-eu.com/assets/5d4d2c26d8609100108653c4/5dac71dadd3c31001784f768/thumb/screenshot.png"" />","https://s3-eu-west-1.amazonaws.com/assets.knack-eu.com/assets/5d4d2c26d8609100108653c4/5dac71dadd3c31001784f768/original/screenshot.png","Use Freshsales for your customer relationship management? LegalSite integrates directly so you can be GDPR/privacy compliant!","support@freshsales.io"
"amoCRM","1С","Zapier","https://www.amocrm.com/","<img src=""https://s3-eu-west-1.amazonaws.com/assets.knack-eu.com/assets/5d4d2c26d8609100108653c4/5dac725b22cdc500159f4aec/thumb/amo1.png"" />","https://s3-eu-west-1.amazonaws.com/assets.knack-eu.com/assets/5d4d2c26d8609100108653c4/5dac725b22cdc500159f4aec/original/amo1.png","customer relationship management","amoCRM is a messaging-powered CRM that helps you engage with your customers on a whole new level. It's a versatile, cloud-based sales automation tool that enables you to manage leads and monitor your sales pipeline in only a few clicks","<img src=""https://s3-eu-west-1.amazonaws.com/assets.knack-eu.com/assets/5d4d2c26d8609100108653c4/5dac726160c62c0015e3b28a/thumb/screenshot.png"" />","https://s3-eu-west-1.amazonaws.com/assets.knack-eu.com/assets/5d4d2c26d8609100108653c4/5dac726160c62c0015e3b28a/original/screenshot.png","Use amoCRM for your customer relationship management? LegalSite integrates directly so you can be GDPR/privacy compliant!","support@amocrm.com"
"Redtail CRM","Redtail Technologies LLP","Zapier","https://corporate.redtailtechnology.com/","<img src=""https://s3-eu-west-1.amazonaws.com/assets.knack-eu.com/assets/5d4d2c26d8609100108653c4/5dac73286039120015c8cd88/thumb/redtailcrm.png"" />","https://s3-eu-west-1.amazonaws.com/assets.knack-eu.com/assets/5d4d2c26d8609100108653c4/5dac73286039120015c8cd88/original/redtailcrm.png","customer relationship management","Redtail CRM is cost-effective, easy to use, cloud based solution for today’s financial professional. Packed with powerful features for activity management, office automation, and more.<br />","<img src=""https://s3-eu-west-1.amazonaws.com/assets.knack-eu.com/assets/5d4d2c26d8609100108653c4/5dac73315d72c3001aa0ad31/thumb/screenshot.png"" />","https://s3-eu-west-1.amazonaws.com/assets.knack-eu.com/assets/5d4d2c26d8609100108653c4/5dac73315d72c3001aa0ad31/original/screenshot.png","Use Redtail CRM for your customer relationship management? LegalSite integrates directly so you can be GDPR/privacy compliant!","support@redtailtechnology.com"
"Zendesk Sell","Zendesk Inc.","Zapier","https://www.zendesk.com/sell/","<img src=""https://s3-eu-west-1.amazonaws.com/assets.knack-eu.com/assets/5d4d2c26d8609100108653c4/5dada32c8840fc0015b4cc43/thumb/zendesk.png"" />","https://s3-eu-west-1.amazonaws.com/assets.knack-eu.com/assets/5d4d2c26d8609100108653c4/5dada32c8840fc0015b4cc43/original/zendesk.png","sales management","Zendesk Sell (formerly Base) is a sales automation tool to enhance productivity, processes, and pipeline visibility for sales teams.","<img src=""https://s3-eu-west-1.amazonaws.com/assets.knack-eu.com/assets/5d4d2c26d8609100108653c4/5dada333df9a610018e51281/thumb/screenshot.png"" />","https://s3-eu-west-1.amazonaws.com/assets.knack-eu.com/assets/5d4d2c26d8609100108653c4/5dada333df9a610018e51281/original/screenshot.png","Use Zendesk Sell for your sales management? LegalSite integrates directly so you can be GDPR/privacy compliant!","privacy@zendesk.com"
"Highrise","","Zapier","https://highrisehq.com/","<img src=""https://s3-eu-west-1.amazonaws.com/assets.knack-eu.com/assets/5d4d2c26d8609100108653c4/5dafb25e5773ad0015b640f7/thumb/highriselogoforfluid.png"" />","https://s3-eu-west-1.amazonaws.com/assets.knack-eu.com/assets/5d4d2c26d8609100108653c4/5dafb25e5773ad0015b640f7/original/highriselogoforfluid.png","customer relationship management","Highrise CRM helps you manage your contacts, keep track of who said what when, schedule follow-ups, set reminders, and convert leads into done deals.","<img src=""https://s3-eu-west-1.amazonaws.com/assets.knack-eu.com/assets/5d4d2c26d8609100108653c4/5dafb2746114bc0016ab5cd3/thumb/screenshot.png"" />","https://s3-eu-west-1.amazonaws.com/assets.knack-eu.com/assets/5d4d2c26d8609100108653c4/5dafb2746114bc0016ab5cd3/original/screenshot.png","Use Highrise for your customer relationship management? LegalSite integrates directly so you can be GDPR/privacy compliant!","privacy@highrisehq.com"
"Contactually","Contactually, Inc.","Zapier","https://www.contactually.com/","<img src=""https://s3-eu-west-1.amazonaws.com/assets.knack-eu.com/assets/5d4d2c26d8609100108653c4/5dafb3625773ad0015b6414b/thumb/contactuallylogotransparent.png"" />","https://s3-eu-west-1.amazonaws.com/assets.knack-eu.com/assets/5d4d2c26d8609100108653c4/5dafb3625773ad0015b6414b/original/contactuallylogotransparent.png","customer relationship management","Grow your most important asset, relationships, and enhance your real estate work with Contactually’s CRM that brings together your email and contacts, helps you know when to reach out to individuals, and maintain your relationships with direct and automated messages.","<img src=""https://s3-eu-west-1.amazonaws.com/assets.knack-eu.com/assets/5d4d2c26d8609100108653c4/5dafb36ab5866b00198af337/thumb/screenshot.png"" />","https://s3-eu-west-1.amazonaws.com/assets.knack-eu.com/assets/5d4d2c26d8609100108653c4/5dafb36ab5866b00198af337/original/screenshot.png","Use Contactually for your customer relationship management? LegalSite integrates directly so you can be GDPR/privacy compliant!","legal@contactually.com"
"Capsule CRM","Zestia Ltd","Zapier","https://capsulecrm.com/","<img src=""https://s3-eu-west-1.amazonaws.com/assets.knack-eu.com/assets/5d4d2c26d8609100108653c4/5dafb4537fec680016a1dafc/thumb/capsule.png"" />","https://s3-eu-west-1.amazonaws.com/assets.knack-eu.com/assets/5d4d2c26d8609100108653c4/5dafb4537fec680016a1dafc/original/capsule.png","customer relationship management","Capsule is an online CRM for managing contacts, tasks and sales opportunities. Add tasks, track communication logs, and close deals in your pipeline faster with Capsule.","<img src=""https://s3-eu-west-1.amazonaws.com/assets.knack-eu.com/assets/5d4d2c26d8609100108653c4/5dafb45b7a24160015cc7fb9/thumb/screenshot.png"" />","https://s3-eu-west-1.amazonaws.com/assets.knack-eu.com/assets/5d4d2c26d8609100108653c4/5dafb45b7a24160015cc7fb9/original/screenshot.png","Use Capsule CRM for your customer relationship management? LegalSite integrates directly so you can be GDPR/privacy compliant!","support@capsulecrm.com"
"Microsoft Dynamics 365 CRM","Microsoft Corporation","Zapier","https://dynamics.microsoft.com/en-us/","<img src=""https://s3-eu-west-1.amazonaws.com/assets.knack-eu.com/assets/5d4d2c26d8609100108653c4/5dafb69cf5e3ed001706a76c/thumb/microsoftdynamicscrmlogo.png"" />","https://s3-eu-west-1.amazonaws.com/assets.knack-eu.com/assets/5d4d2c26d8609100108653c4/5dafb69cf5e3ed001706a76c/original/microsoftdynamicscrmlogo.png","customer relationship management","Microsoft Dynamics is built for any device, anywhere. Built for you. For Dynamics Version 9 and Dynamics 365.","<img src=""https://s3-eu-west-1.amazonaws.com/assets.knack-eu.com/assets/5d4d2c26d8609100108653c4/5dafb6a26114bc0016ab5e39/thumb/screenshot.png"" />","https://s3-eu-west-1.amazonaws.com/assets.knack-eu.com/assets/5d4d2c26d8609100108653c4/5dafb6a26114bc0016ab5e39/original/screenshot.png","Use Microsoft Dynamics 365 CRM for your customer relationship management? LegalSite integrates directly so you can be GDPR/privacy compliant!",""
"Wealthbox CRM","Wealthbox","Zapier","https://www.wealthbox.com/","<img src=""https://s3-eu-west-1.amazonaws.com/assets.knack-eu.com/assets/5d4d2c26d8609100108653c4/5dafb74de7ca810015bd4f05/thumb/wealthboxlogodark.png"" />","https://s3-eu-west-1.amazonaws.com/assets.knack-eu.com/assets/5d4d2c26d8609100108653c4/5dafb74de7ca810015bd4f05/original/wealthboxlogodark.png","customer relationship management","Wealthbox is a web-based CRM solution that allows financial advisors to manage their client relationships with ease.","<img src=""https://s3-eu-west-1.amazonaws.com/assets.knack-eu.com/assets/5d4d2c26d8609100108653c4/5dafb74469491d0015b247af/thumb/screenshot.png"" />","https://s3-eu-west-1.amazonaws.com/assets.knack-eu.com/assets/5d4d2c26d8609100108653c4/5dafb74469491d0015b247af/original/screenshot.png","Use Wealthbox CRM for your customer relationship management? LegalSite integrates directly so you can be GDPR/privacy compliant!","support@wealthbox.com"
"ConnectWise Manage","ConnectWise Inc.","Zapier","https://www.connectwise.com/software/manage","<img src=""https://s3-eu-west-1.amazonaws.com/assets.knack-eu.com/assets/5d4d2c26d8609100108653c4/5dafb8c8b5866b00198af50c/thumb/connectwisemanage.png"" />","https://s3-eu-west-1.amazonaws.com/assets.knack-eu.com/assets/5d4d2c26d8609100108653c4/5dafb8c8b5866b00198af50c/original/connectwisemanage.png","business management","ConnectWise Manage is a business management platform designed to successfully run and grow your technology business.","<img src=""https://s3-eu-west-1.amazonaws.com/assets.knack-eu.com/assets/5d4d2c26d8609100108653c4/5dafb8cf7850e10015311e3e/thumb/screenshot.png"" />","https://s3-eu-west-1.amazonaws.com/assets.knack-eu.com/assets/5d4d2c26d8609100108653c4/5dafb8cf7850e10015311e3e/original/screenshot.png","Use ConnectWise Manage for your business management? LegalSite integrates directly so you can be GDPR/privacy compliant!","privacy@connectwise.com"
"Daylite","Marketcircle Inc.","Zapier","https://www.marketcircle.com/","<img src=""https://s3-eu-west-1.amazonaws.com/assets.knack-eu.com/assets/5d4d2c26d8609100108653c4/5dafc06776c5470016d414f2/thumb/daylite.png"" />","https://s3-eu-west-1.amazonaws.com/assets.knack-eu.com/assets/5d4d2c26d8609100108653c4/5dafc06776c5470016d414f2/original/daylite.png","customer relationship management","Daylite is a business productivity app that helps you focus more on doing what you love. Manage your contacts, schedules, projects, tasks, sales opportunities, and more.","<img src=""https://s3-eu-west-1.amazonaws.com/assets.knack-eu.com/assets/5d4d2c26d8609100108653c4/5dafc03701e530001609a4b3/thumb/screenshot.png"" />","https://s3-eu-west-1.amazonaws.com/assets.knack-eu.com/assets/5d4d2c26d8609100108653c4/5dafc03701e530001609a4b3/original/screenshot.png","Use Daylite for your customer relationship management? LegalSite integrates directly so you can be GDPR/privacy compliant!","privacy-officer@marketcircle.com"
"Nutshell","Nutshell Inc.","Zapier","https://www.nutshell.com/","<img src=""https://s3-eu-west-1.amazonaws.com/assets.knack-eu.com/assets/5d4d2c26d8609100108653c4/5dafc13bf5e3ed001706aaf9/thumb/nutshell.png"" />","https://s3-eu-west-1.amazonaws.com/assets.knack-eu.com/assets/5d4d2c26d8609100108653c4/5dafc13bf5e3ed001706aaf9/original/nutshell.png","customer relationship management","Nutshell is an affordable, easy-to-use CRM that helps small-business sales teams win more deals.","<img src=""https://s3-eu-west-1.amazonaws.com/assets.knack-eu.com/assets/5d4d2c26d8609100108653c4/5dafc14977404700158b8d27/thumb/screenshot.png"" />","https://s3-eu-west-1.amazonaws.com/assets.knack-eu.com/assets/5d4d2c26d8609100108653c4/5dafc14977404700158b8d27/original/screenshot.png","Use Nutshell for your customer relationship management? LegalSite integrates directly so you can be GDPR/privacy compliant!","policies@nutshell.com"
"Cloze","Cloze, Inc.","Zapier","https://www.cloze.com/","<img src=""https://s3-eu-west-1.amazonaws.com/assets.knack-eu.com/assets/5d4d2c26d8609100108653c4/5db0496897006c00152213de/thumb/clozelogo800x420px.png"" />","https://s3-eu-west-1.amazonaws.com/assets.knack-eu.com/assets/5d4d2c26d8609100108653c4/5db0496897006c00152213de/original/clozelogo800x420px.png","relationship management","Cloze is like a personal assistant for your professional relationships that is always prompting you at the right moment, and remembering what you don’t. It’s the no-work way to see everything about your contacts in one place. Email, phone calls, meetings, notes, follow-ups and social.","<img src=""https://s3-eu-west-1.amazonaws.com/assets.knack-eu.com/assets/5d4d2c26d8609100108653c4/5db049538860d800150a0b5c/thumb/screenshot.png"" />","https://s3-eu-west-1.amazonaws.com/assets.knack-eu.com/assets/5d4d2c26d8609100108653c4/5db049538860d800150a0b5c/original/screenshot.png","Use Cloze for your relationship management? LegalSite integrates directly so you can be GDPR/privacy compliant!","privacy@cloze.com"
"Salesflare","Salesflare Bvba","Zapier","https://salesflare.com/","<img src=""https://s3-eu-west-1.amazonaws.com/assets.knack-eu.com/assets/5d4d2c26d8609100108653c4/5db04a0737442b0016ff56d8/thumb/thumb_984_0x200_0_0_auto.png"" />","https://s3-eu-west-1.amazonaws.com/assets.knack-eu.com/assets/5d4d2c26d8609100108653c4/5db04a0737442b0016ff56d8/original/thumb_984_0x200_0_0_auto.png","customer relationship management","Salesflare is an intelligent CRM startups and small businesses love to use. It's a zero-input sales pipeline tool that thinks and works for its user, not the other way around.","<img src=""https://s3-eu-west-1.amazonaws.com/assets.knack-eu.com/assets/5d4d2c26d8609100108653c4/5db04a0b9359d30015496859/thumb/screenshot.png"" />","https://s3-eu-west-1.amazonaws.com/assets.knack-eu.com/assets/5d4d2c26d8609100108653c4/5db04a0b9359d30015496859/original/screenshot.png","Use Salesflare for your customer relationship management? LegalSite integrates directly so you can be GDPR/privacy compliant!","privacy@salesflare.com"
"MOCO","","Zapier","https://www.mocoapp.com/","<img src=""https://s3-eu-west-1.amazonaws.com/assets.knack-eu.com/assets/5d4d2c26d8609100108653c4/5db04afd8860d800150a0c0e/thumb/mocologo2xc8dc3be152909e3c125dbd0c61e468fa478e5946d0def952ea62786b7a410b3c.png"" />","https://s3-eu-west-1.amazonaws.com/assets.knack-eu.com/assets/5d4d2c26d8609100108653c4/5db04afd8860d800150a0c0e/original/mocologo2xc8dc3be152909e3c125dbd0c61e468fa478e5946d0def952ea62786b7a410b3c.png","customer relationship management","MOCO (MObile COmpany) is a lean cloud software made for small medium-sized agency and service businesses. Including time tracking, billing, resource planning, sales-funnel and CRM.","<img src=""https://s3-eu-west-1.amazonaws.com/assets.knack-eu.com/assets/5d4d2c26d8609100108653c4/5db04add7850e10015317027/thumb/screenshot.png"" />","https://s3-eu-west-1.amazonaws.com/assets.knack-eu.com/assets/5d4d2c26d8609100108653c4/5db04add7850e10015317027/original/screenshot.png","Use MOCO for your customer relationship management? LegalSite integrates directly so you can be GDPR/privacy compliant!","support@mocospace.com"
"SugarCRM","SugarCRM Inc.","Zapier","https://www.sugarcrm.com/","<img src=""https://s3-eu-west-1.amazonaws.com/assets.knack-eu.com/assets/5d4d2c26d8609100108653c4/5db04cb0799477001544c5b4/thumb/sugarcrmlogo.png"" />","https://s3-eu-west-1.amazonaws.com/assets.knack-eu.com/assets/5d4d2c26d8609100108653c4/5db04cb0799477001544c5b4/original/sugarcrmlogo.png","customer relationship management","Manage your sales, marketing, and customer support better with SugarCRM's online CRM software.","<img src=""https://s3-eu-west-1.amazonaws.com/assets.knack-eu.com/assets/5d4d2c26d8609100108653c4/5db04c99a3b4e10015b025bd/thumb/screenshot.png"" />","https://s3-eu-west-1.amazonaws.com/assets.knack-eu.com/assets/5d4d2c26d8609100108653c4/5db04c99a3b4e10015b025bd/original/screenshot.png","Use SugarCRM for your customer relationship management? LegalSite integrates directly so you can be GDPR/privacy compliant!","sales@sugarcrm.com"
"noCRM.io","","Zapier","https://youdontneedacrm.com/","<img src=""https://s3-eu-west-1.amazonaws.com/assets.knack-eu.com/assets/5d4d2c26d8609100108653c4/5db04d2d19ee2e0015557e4d/thumb/nocrm400x400twitter.png"" />","https://s3-eu-west-1.amazonaws.com/assets.knack-eu.com/assets/5d4d2c26d8609100108653c4/5db04d2d19ee2e0015557e4d/original/nocrm400x400twitter.png","customer relationship management","noCRM.io helps you to track and close deals without wasting time filling out forms. Boost productivity and manage your sales cycle from end-to-end","<img src=""https://s3-eu-west-1.amazonaws.com/assets.knack-eu.com/assets/5d4d2c26d8609100108653c4/5db04d35799477001544c5f1/thumb/screenshot.png"" />","https://s3-eu-west-1.amazonaws.com/assets.knack-eu.com/assets/5d4d2c26d8609100108653c4/5db04d35799477001544c5f1/original/screenshot.png","Use noCRM.io for your customer relationship management? LegalSite integrates directly so you can be GDPR/privacy compliant!","support@youdontneedacrm.com"
"Teamleader","Teamleader NV","Zapier","https://www.teamleader.eu/","<img src=""https://s3-eu-west-1.amazonaws.com/assets.knack-eu.com/assets/5d4d2c26d8609100108653c4/5db04e4da67e16001873a9c0/thumb/tl_logo_default_rgb_3.png"" />","https://s3-eu-west-1.amazonaws.com/assets.knack-eu.com/assets/5d4d2c26d8609100108653c4/5db04e4da67e16001873a9c0/original/tl_logo_default_rgb_3.png","customer relationship management","Teamleader incorporates CRM, project management and invoicing into one simple and intelligent tool that helps businesses work smarter.","<img src=""https://s3-eu-west-1.amazonaws.com/assets.knack-eu.com/assets/5d4d2c26d8609100108653c4/5db04e5537442b0016ff58be/thumb/screenshot.png"" />","https://s3-eu-west-1.amazonaws.com/assets.knack-eu.com/assets/5d4d2c26d8609100108653c4/5db04e5537442b0016ff58be/original/screenshot.png","Use Teamleader for your customer relationship management? LegalSite integrates directly so you can be GDPR/privacy compliant!","support@teamleader.eu"
"PipelineDeals","PipelineDeals, Inc.","Zapier","https://www.pipelinedeals.com/","<img src=""https://s3-eu-west-1.amazonaws.com/assets.knack-eu.com/assets/5d4d2c26d8609100108653c4/5db04f9737442b0016ff5990/thumb/pipelinedealslogotransparent850x250.png"" />","https://s3-eu-west-1.amazonaws.com/assets.knack-eu.com/assets/5d4d2c26d8609100108653c4/5db04f9737442b0016ff5990/original/pipelinedealslogotransparent850x250.png","customer relationship management","Simple and useful CRM software in the cloud. Sell more today with sales tracking software. Our CRM software will help organize, track, and manage your deals, leads, and contacts.","<img src=""https://s3-eu-west-1.amazonaws.com/assets.knack-eu.com/assets/5d4d2c26d8609100108653c4/5db04fa0dbbce00015afddca/thumb/screenshot.png"" />","https://s3-eu-west-1.amazonaws.com/assets.knack-eu.com/assets/5d4d2c26d8609100108653c4/5db04fa0dbbce00015afddca/original/screenshot.png","Use PipelineDeals for your customer relationship management? LegalSite integrates directly so you can be GDPR/privacy compliant!","customercare@pipelinedeals.com"
"Bullhorn CRM","Bullhorn, Inc.","Zapier","https://www.bullhorn.com/crm/","<img src=""https://s3-eu-west-1.amazonaws.com/assets.knack-eu.com/assets/5d4d2c26d8609100108653c4/5db05063fbfa8100157bbc0b/thumb/i4zo63ac2j5z.png"" />","https://s3-eu-west-1.amazonaws.com/assets.knack-eu.com/assets/5d4d2c26d8609100108653c4/5db05063fbfa8100157bbc0b/original/i4zo63ac2j5z.png","customer relationship management","Bullhorn provides cloud-based CRM solutions for companies in service-based industries. Its data capture and customer insight technology puts the most up-to-date and powerful information at users' fingertips to give them everything they need to win customers and keep them happy.<br /><br />","<img src=""https://s3-eu-west-1.amazonaws.com/assets.knack-eu.com/assets/5d4d2c26d8609100108653c4/5db05073a67e16001873aaf2/thumb/screenshot.png"" />","https://s3-eu-west-1.amazonaws.com/assets.knack-eu.com/assets/5d4d2c26d8609100108653c4/5db05073a67e16001873aaf2/original/screenshot.png","Use Bullhorn CRM for your customer relationship management? LegalSite integrates directly so you can be GDPR/privacy compliant!","privacy@bullhorn.com"
"Leadfeeder","Leadfeeder Inc.","Zapier","https://www.leadfeeder.com/","<img src=""https://s3-eu-west-1.amazonaws.com/assets.knack-eu.com/assets/5d4d2c26d8609100108653c4/5db0521f975fe4001554e603/thumb/b1fd9c4b30745f65_400x400ar.png"" />","https://s3-eu-west-1.amazonaws.com/assets.knack-eu.com/assets/5d4d2c26d8609100108653c4/5db0521f975fe4001554e603/original/b1fd9c4b30745f65_400x400ar.png","web analytics","Leadfeeder helps you to find sales leads by showing which companies are visiting your site and what they’re interested in.","<img src=""https://s3-eu-west-1.amazonaws.com/assets.knack-eu.com/assets/5d4d2c26d8609100108653c4/5db052269ed4230015b3048a/thumb/screenshot.png"" />","https://s3-eu-west-1.amazonaws.com/assets.knack-eu.com/assets/5d4d2c26d8609100108653c4/5db052269ed4230015b3048a/original/screenshot.png","Use Leadfeeder for your web analytics? LegalSite integrates directly so you can be GDPR/privacy compliant!","privacy@leadfeeder.com"
"Agendor","","Zapier","https://www.agendor.com.br/","<img src=""https://s3-eu-west-1.amazonaws.com/assets.knack-eu.com/assets/5d4d2c26d8609100108653c4/5db052ae37442b0016ff5b1a/thumb/agendor.png"" />","https://s3-eu-west-1.amazonaws.com/assets.knack-eu.com/assets/5d4d2c26d8609100108653c4/5db052ae37442b0016ff5b1a/original/agendor.png","sales improvement","Agendor is a sales improvement platform with web and mobile version designed for Brazilian companies with long sales cycles.","<img src=""https://s3-eu-west-1.amazonaws.com/assets.knack-eu.com/assets/5d4d2c26d8609100108653c4/5db052aa9a12840016f79fc9/thumb/screenshot.png"" />","https://s3-eu-west-1.amazonaws.com/assets.knack-eu.com/assets/5d4d2c26d8609100108653c4/5db052aa9a12840016f79fc9/original/screenshot.png","Use Agendor for sales improvement? LegalSite integrates directly so you can be GDPR/privacy compliant!",""
"LeadOwl","LeadOwl, LLC","Zapier","https://leadowl.com/","<img src=""https://s3-eu-west-1.amazonaws.com/assets.knack-eu.com/assets/5d4d2c26d8609100108653c4/5db258a46cf7d700151f499e/thumb/iconblack.png"" />","https://s3-eu-west-1.amazonaws.com/assets.knack-eu.com/assets/5d4d2c26d8609100108653c4/5db258a46cf7d700151f499e/original/iconblack.png","customer relationship management","LeadOwl is a smart phone & web app that allows you and your team to connect funnels, get reminders, and follow up with prospects instantly.","<img src=""https://s3-eu-west-1.amazonaws.com/assets.knack-eu.com/assets/5d4d2c26d8609100108653c4/5db258adc1737e0019b9faa2/thumb/screenshot.png"" />","https://s3-eu-west-1.amazonaws.com/assets.knack-eu.com/assets/5d4d2c26d8609100108653c4/5db258adc1737e0019b9faa2/original/screenshot.png","Use LeadOwl for your customer relationship management? LegalSite integrates directly so you can be GDPR/privacy compliant!","support@leadowl.com"
"Thryv","Thryv, Inc.","Zapier","https://www.thryv.com/","<img src=""https://s3-eu-west-1.amazonaws.com/assets.knack-eu.com/assets/5d4d2c26d8609100108653c4/5db259c48a2ee30015b03279/thumb/thryv.png"" />","https://s3-eu-west-1.amazonaws.com/assets.knack-eu.com/assets/5d4d2c26d8609100108653c4/5db259c48a2ee30015b03279/original/thryv.png","business management","Thryv is an all-in-one management software built for small business. It integrates essential business functions like payments, marketing, and CRM.","<img src=""https://s3-eu-west-1.amazonaws.com/assets.knack-eu.com/assets/5d4d2c26d8609100108653c4/5db259c97dec2f00153314ae/thumb/screenshot.png"" />","https://s3-eu-west-1.amazonaws.com/assets.knack-eu.com/assets/5d4d2c26d8609100108653c4/5db259c97dec2f00153314ae/original/screenshot.png","Use Thryv for your business management? LegalSite integrates directly so you can be GDPR/privacy compliant!",""
"Autotask","Autotask Corporation","Zapier","https://www.autotask.com/","<img src=""https://s3-eu-west-1.amazonaws.com/assets.knack-eu.com/assets/5d4d2c26d8609100108653c4/5db25aef1745d10015226c0a/thumb/logoautotask_0.png"" />","https://s3-eu-west-1.amazonaws.com/assets.knack-eu.com/assets/5d4d2c26d8609100108653c4/5db25aef1745d10015226c0a/original/logoautotask_0.png","business management","Autotask provides an IT business management solution that combines service desk, CRM, projects, time and expense, billing and more.","<img src=""https://s3-eu-west-1.amazonaws.com/assets.knack-eu.com/assets/5d4d2c26d8609100108653c4/5db25af44d03ee00150ccb66/thumb/screenshot.png"" />","https://s3-eu-west-1.amazonaws.com/assets.knack-eu.com/assets/5d4d2c26d8609100108653c4/5db25af44d03ee00150ccb66/original/screenshot.png","Use Autotask for your business management? LegalSite integrates directly so you can be GDPR/privacy compliant!","privacy@datto.com"
"Nimble","Nimble","Zapier","https://www.nimble.com/","<img src=""https://s3-eu-west-1.amazonaws.com/assets.knack-eu.com/assets/5d4d2c26d8609100108653c4/5db25b7b40001000195861c8/thumb/nimblelogo_bluesmall400x400.png"" />","https://s3-eu-west-1.amazonaws.com/assets.knack-eu.com/assets/5d4d2c26d8609100108653c4/5db25b7b40001000195861c8/original/nimblelogo_bluesmall400x400.png","customer relationship management","Social CRM Simplified. With Nimble’s social CRM, easily manage all your contacts, communications, activities and sales in one single place.","<img src=""https://s3-eu-west-1.amazonaws.com/assets.knack-eu.com/assets/5d4d2c26d8609100108653c4/5db25b818c5c7d00152bfb98/thumb/screenshot.png"" />","https://s3-eu-west-1.amazonaws.com/assets.knack-eu.com/assets/5d4d2c26d8609100108653c4/5db25b818c5c7d00152bfb98/original/screenshot.png","Use Nimble for your customer relationship management? LegalSite integrates directly so you can be GDPR/privacy compliant!","privacy@nimble.com"
"Hatchbuck","Hatchbuck, Inc.","Zapier","https://www.hatchbuck.com/","<img src=""https://s3-eu-west-1.amazonaws.com/assets.knack-eu.com/assets/5d4d2c26d8609100108653c4/5db25cbbacedbd001595ac89/thumb/hbklogoorangestackedknockout1.png"" />","https://s3-eu-west-1.amazonaws.com/assets.knack-eu.com/assets/5d4d2c26d8609100108653c4/5db25cbbacedbd001595ac89/original/hbklogoorangestackedknockout1.png","sales and marketing","Keep tabs on your contacts, automatically follow up on them, and track your marketing with smart insights in Hatchbuck's simple CRM.","<img src=""https://s3-eu-west-1.amazonaws.com/assets.knack-eu.com/assets/5d4d2c26d8609100108653c4/5db25cdb1e7a5b00155e4dc5/thumb/screenshot.png"" />","https://s3-eu-west-1.amazonaws.com/assets.knack-eu.com/assets/5d4d2c26d8609100108653c4/5db25cdb1e7a5b00155e4dc5/original/screenshot.png","Use Hatchbuck for sales and marketing? LegalSite integrates directly so you can be GDPR/privacy compliant!","webmaster@hatchbuck.com"
"Vtiger CRM","Vtiger","Zapier","https://www.vtiger.com/","<img src=""https://s3-eu-west-1.amazonaws.com/assets.knack-eu.com/assets/5d4d2c26d8609100108653c4/5db25dec1745d10015226cc9/thumb/vtigercrm_logo.png"" />","https://s3-eu-west-1.amazonaws.com/assets.knack-eu.com/assets/5d4d2c26d8609100108653c4/5db25dec1745d10015226cc9/original/vtigercrm_logo.png","customer relationship management","Vtiger CRM enables salespersons​ and support staff do more through an easy but powerful interface. With built-in solutions that range from email marketing to activity and project management and beyond, Vtiger CRM provides an integrated solution to drive business growth.","<img src=""https://s3-eu-west-1.amazonaws.com/assets.knack-eu.com/assets/5d4d2c26d8609100108653c4/5db25e0d4eaeaa001507230b/thumb/screenshot.png"" />","https://s3-eu-west-1.amazonaws.com/assets.knack-eu.com/assets/5d4d2c26d8609100108653c4/5db25e0d4eaeaa001507230b/original/screenshot.png","Use Vtiger CRM for your customer relationship management? LegalSite integrates directly so you can be GDPR/privacy compliant!","legal@vtiger.com"
"OnePageCRM","OnePageCRM","Zapier","https://www.onepagecrm.com/","<img src=""https://s3-eu-west-1.amazonaws.com/assets.knack-eu.com/assets/5d4d2c26d8609100108653c4/5db25f4f7dec2f0015331629/thumb/onepagecrm_dark_logo_transparent_300dpi.png"" />","https://s3-eu-west-1.amazonaws.com/assets.knack-eu.com/assets/5d4d2c26d8609100108653c4/5db25f4f7dec2f0015331629/original/onepagecrm_dark_logo_transparent_300dpi.png","customer relationship management","OnePageCRM converts the complexity of CRM into a simple to-do list. Built using GTD (Getting Things Done) productivity principles, its streamlined approach to sales helps you convert leads to customers, reach targets and grow your business fast. OnePageCRM strives to offer a product that is as easy to use as email and helps your company achieve zero admin.","<img src=""https://s3-eu-west-1.amazonaws.com/assets.knack-eu.com/assets/5d4d2c26d8609100108653c4/5db25f5573de890015b4de6f/thumb/screenshot.png"" />","https://s3-eu-west-1.amazonaws.com/assets.knack-eu.com/assets/5d4d2c26d8609100108653c4/5db25f5573de890015b4de6f/original/screenshot.png","Use OnePageCRM for your customer relationship management? LegalSite integrates directly so you can be GDPR/privacy compliant!","support@onepagecrm.com"
"JobNimbus","JobNimbus","Zapier","https://www.jobnimbus.com/","<img src=""https://s3-eu-west-1.amazonaws.com/assets.knack-eu.com/assets/5d4d2c26d8609100108653c4/5db2604493136c0018057bc5/thumb/jnlogo_500px.png"" />","https://s3-eu-west-1.amazonaws.com/assets.knack-eu.com/assets/5d4d2c26d8609100108653c4/5db2604493136c0018057bc5/original/jnlogo_500px.png","project management","JobNimbus CRM + Project Management for the service industry.","<img src=""https://s3-eu-west-1.amazonaws.com/assets.knack-eu.com/assets/5d4d2c26d8609100108653c4/5db260566cf7d700151f4bbe/thumb/screenshot.png"" />","https://s3-eu-west-1.amazonaws.com/assets.knack-eu.com/assets/5d4d2c26d8609100108653c4/5db260566cf7d700151f4bbe/original/screenshot.png","Use JobNimbus for your project management? LegalSite integrates directly so you can be GDPR/privacy compliant!","support@jobnimbus.com"
"Salesmate","Salesmate","Zapier","https://www.salesmate.io/","<img src=""https://s3-eu-west-1.amazonaws.com/assets.knack-eu.com/assets/5d4d2c26d8609100108653c4/5db261674000100019586391/thumb/salesmate.png"" />","https://s3-eu-west-1.amazonaws.com/assets.knack-eu.com/assets/5d4d2c26d8609100108653c4/5db261674000100019586391/original/salesmate.png","sales management","Salesmate is an All-in-one Sales Management, Automation, and Acceleration Software for Teams of All Sizes & Shapes.","<img src=""https://s3-eu-west-1.amazonaws.com/assets.knack-eu.com/assets/5d4d2c26d8609100108653c4/5db2615e8a2ee30015b034af/thumb/screenshot.png"" />","https://s3-eu-west-1.amazonaws.com/assets.knack-eu.com/assets/5d4d2c26d8609100108653c4/5db2615e8a2ee30015b034af/original/screenshot.png","Use Salesmate for your sales management? LegalSite integrates directly so you can be GDPR/privacy compliant!","privacy@salesmate.io"
"WhatConverts","WhatConverts","Zapier","https://www.whatconverts.com/","<img src=""https://s3-eu-west-1.amazonaws.com/assets.knack-eu.com/assets/5d4d2c26d8609100108653c4/5db2621b236f58001576d12e/thumb/whatconvertslogo.png"" />","https://s3-eu-west-1.amazonaws.com/assets.knack-eu.com/assets/5d4d2c26d8609100108653c4/5db2621b236f58001576d12e/original/whatconvertslogo.png","marketing clarity","WhatConverts tracks what marketing channels generate conversions from phone calls, web forms, chat, and more.","<img src=""https://s3-eu-west-1.amazonaws.com/assets.knack-eu.com/assets/5d4d2c26d8609100108653c4/5db2623c3a59ef0015a0386e/thumb/screenshot.png"" />","https://s3-eu-west-1.amazonaws.com/assets.knack-eu.com/assets/5d4d2c26d8609100108653c4/5db2623c3a59ef0015a0386e/original/screenshot.png","Use WhatConverts for marketing clarity? LegalSite integrates directly so you can be GDPR/privacy compliant!","support@whatconverts.com"
"Client Dispute Manager","Client Dispute Manager","Zapier","https://www.clientdisputemanager.com/","<img src=""https://s3-eu-west-1.amazonaws.com/assets.knack-eu.com/assets/5d4d2c26d8609100108653c4/5db318571745d1001522cd21/thumb/download.png"" />","https://s3-eu-west-1.amazonaws.com/assets.knack-eu.com/assets/5d4d2c26d8609100108653c4/5db318571745d1001522cd21/original/download.png","customer relationship management","Client Dispute Manager is an online Credit Repair Business Software.","<img src=""https://s3-eu-west-1.amazonaws.com/assets.knack-eu.com/assets/5d4d2c26d8609100108653c4/5db3188d89c2dd00165eb703/thumb/screenshot.png"" />","https://s3-eu-west-1.amazonaws.com/assets.knack-eu.com/assets/5d4d2c26d8609100108653c4/5db3188d89c2dd00165eb703/original/screenshot.png","Use Client Dispute Manager for your customer relationship management? LegalSite integrates directly so you can be GDPR/privacy compliant!","support@clientdisputemanager.zendesk.com"
"Act!","Swiftpage ACT! LLC","Zapier","https://www.act.com/","<img src=""https://s3-eu-west-1.amazonaws.com/assets.knack-eu.com/assets/5d4d2c26d8609100108653c4/5db319628a2ee30015b0945c/thumb/act.png"" />","https://s3-eu-west-1.amazonaws.com/assets.knack-eu.com/assets/5d4d2c26d8609100108653c4/5db319628a2ee30015b0945c/original/act.png","business relationship management","Collaborate with your team to stay up-to-date on the latest contacts and automate best practice sales processes.","<img src=""https://s3-eu-west-1.amazonaws.com/assets.knack-eu.com/assets/5d4d2c26d8609100108653c4/5db319783a59ef0015a097e1/thumb/screenshot.png"" />","https://s3-eu-west-1.amazonaws.com/assets.knack-eu.com/assets/5d4d2c26d8609100108653c4/5db319783a59ef0015a097e1/original/screenshot.png","Use Act! for your business relationship management? LegalSite integrates directly so you can be GDPR/privacy compliant!","customercare@swiftpage.com"
"Sellsy","Sellsy","Zapier","https://go.sellsy.com/en/","<img src=""https://s3-eu-west-1.amazonaws.com/assets.knack-eu.com/assets/5d4d2c26d8609100108653c4/5db31aab1e7a5b00155eb0a8/thumb/sellsy_new_300.png"" />","https://s3-eu-west-1.amazonaws.com/assets.knack-eu.com/assets/5d4d2c26d8609100108653c4/5db31aab1e7a5b00155eb0a8/original/sellsy_new_300.png","customer relationship management","Sellsy is a single tool that tracks all your customer cycles.","<img src=""https://s3-eu-west-1.amazonaws.com/assets.knack-eu.com/assets/5d4d2c26d8609100108653c4/5db31aa24d03ee00150d2d37/thumb/screenshot.png"" />","https://s3-eu-west-1.amazonaws.com/assets.knack-eu.com/assets/5d4d2c26d8609100108653c4/5db31aa24d03ee00150d2d37/original/screenshot.png","Use Sellsy for your customer relationship management? LegalSite integrates directly so you can be GDPR/privacy compliant!","dpo@sellsy.com"
"Affinity","Affinity","Zapier","https://www.affinity.co/","<img src=""https://s3-eu-west-1.amazonaws.com/assets.knack-eu.com/assets/5d4d2c26d8609100108653c4/5db31b8e73de890015b53fa4/thumb/2163096b43884ee781a35a2b24e2d1751516317149643.png"" />","https://s3-eu-west-1.amazonaws.com/assets.knack-eu.com/assets/5d4d2c26d8609100108653c4/5db31b8e73de890015b53fa4/original/2163096b43884ee781a35a2b24e2d1751516317149643.png","relationship management","Affinity is a collective intelligence CRM, helping you keep track of the people and organizations in your network.","","","Use Affinity for your relationship management? LegalSite integrates directly so you can be GDPR/privacy compliant!","support@affinity.co"
"GreenRope","GreenRope","Zapier","https://www.greenrope.com/","<img src=""https://s3-eu-west-1.amazonaws.com/assets.knack-eu.com/assets/5d4d2c26d8609100108653c4/5db5b7250f232d0015b0da83/thumb/greenropelogo.png"" />","https://s3-eu-west-1.amazonaws.com/assets.knack-eu.com/assets/5d4d2c26d8609100108653c4/5db5b7250f232d0015b0da83/original/greenropelogo.png","customer relationship management","Small business marketing software providing powerful and easy to use CRM, email marketing, and social media integration.","<img src=""https://s3-eu-west-1.amazonaws.com/assets.knack-eu.com/assets/5d4d2c26d8609100108653c4/5db5b7198a86520015effc5b/thumb/screenshot.png"" />","https://s3-eu-west-1.amazonaws.com/assets.knack-eu.com/assets/5d4d2c26d8609100108653c4/5db5b7198a86520015effc5b/original/screenshot.png","Use GreenRope for your customer relationship management? LegalSite integrates directly so you can be GDPR/privacy compliant!","support@greenrope.com"
"Bmby","Bmby","Zapier","http://www.en.bmby.com/","<img src=""https://s3-eu-west-1.amazonaws.com/assets.knack-eu.com/assets/5d4d2c26d8609100108653c4/5db5b80bfe1da10015df1975/thumb/8450e28e0bb891f3bbf3a0b4ef70dd70.png"" />","https://s3-eu-west-1.amazonaws.com/assets.knack-eu.com/assets/5d4d2c26d8609100108653c4/5db5b80bfe1da10015df1975/original/8450e28e0bb891f3bbf3a0b4ef70dd70.png","marketing management","Bmby is an all-inclusive system for managing all the marketing, sales, customer relations, and customer service.","<img src=""https://s3-eu-west-1.amazonaws.com/assets.knack-eu.com/assets/5d4d2c26d8609100108653c4/5db5b812a702810015faf7be/thumb/screenshot.png"" />","https://s3-eu-west-1.amazonaws.com/assets.knack-eu.com/assets/5d4d2c26d8609100108653c4/5db5b812a702810015faf7be/original/screenshot.png","Use Bmby for your marketing management? LegalSite integrates directly so you can be GDPR/privacy compliant!","support@bmby.online"
"Moskit","Moskit","Zapier","https://www.moskitcrm.com/","<img src=""https://s3-eu-west-1.amazonaws.com/assets.knack-eu.com/assets/5d4d2c26d8609100108653c4/5db5b90bf0cc5700199b8477/thumb/fe39d19bad5543ad0535e96f8155d84c.png"" />","https://s3-eu-west-1.amazonaws.com/assets.knack-eu.com/assets/5d4d2c26d8609100108653c4/5db5b90bf0cc5700199b8477/original/fe39d19bad5543ad0535e96f8155d84c.png","customer relationship management","Moskit CRM works hard for our customers to achieve new goals and have impactful results with contact management, deals and opportunities.","<img src=""https://s3-eu-west-1.amazonaws.com/assets.knack-eu.com/assets/5d4d2c26d8609100108653c4/5db5b91089100300152f6725/thumb/screenshot.png"" />","https://s3-eu-west-1.amazonaws.com/assets.knack-eu.com/assets/5d4d2c26d8609100108653c4/5db5b91089100300152f6725/original/screenshot.png","Use Moskit for your customer relationship management? LegalSite integrates directly so you can be GDPR/privacy compliant!",""
"Prospect.io","Prospect","Zapier","https://prospect.io/","<img src=""https://s3-eu-west-1.amazonaws.com/assets.knack-eu.com/assets/5d4d2c26d8609100108653c4/5db5b9f8fe1da10015df1a13/thumb/prospect.io1559230893logo.png"" />","https://s3-eu-west-1.amazonaws.com/assets.knack-eu.com/assets/5d4d2c26d8609100108653c4/5db5b9f8fe1da10015df1a13/original/prospect.io1559230893logo.png","sales","Prospect.io is a Sales Automation Platform. We enable modern sales teams to capture prospect information and run cold email campaigns.","<img src=""https://s3-eu-west-1.amazonaws.com/assets.knack-eu.com/assets/5d4d2c26d8609100108653c4/5db5b9dcc9126f0015e7769b/thumb/screenshot.png"" />","https://s3-eu-west-1.amazonaws.com/assets.knack-eu.com/assets/5d4d2c26d8609100108653c4/5db5b9dcc9126f0015e7769b/original/screenshot.png","Use Prospect.io for your sales? LegalSite integrates directly so you can be GDPR/privacy compliant!","support@prospect.io"
"NetHunt CRM","NetHunt","Zapier","https://nethunt.com/","<img src=""https://s3-eu-west-1.amazonaws.com/assets.knack-eu.com/assets/5d4d2c26d8609100108653c4/5db5ba88fe1da10015df1a39/thumb/nethunt.png"" />","https://s3-eu-west-1.amazonaws.com/assets.knack-eu.com/assets/5d4d2c26d8609100108653c4/5db5ba88fe1da10015df1a39/original/nethunt.png","customer relationship management","NetHunt CRM is a customer relationship management system for Gmail and Google Apps.","<img src=""https://s3-eu-west-1.amazonaws.com/assets.knack-eu.com/assets/5d4d2c26d8609100108653c4/5db5ba8d9d32ac0015081fd0/thumb/screenshot.png"" />","https://s3-eu-west-1.amazonaws.com/assets.knack-eu.com/assets/5d4d2c26d8609100108653c4/5db5ba8d9d32ac0015081fd0/original/screenshot.png","Use NetHunt CRM for your customer relationship management? LegalSite integrates directly so you can be GDPR/privacy compliant!","privacy@maketecheasier.com"
"SalesRabbit","Sales Rabbit, Inc.","Zapier","https://www.salesrabbit.com/","<img src=""https://s3-eu-west-1.amazonaws.com/assets.knack-eu.com/assets/5d4d2c26d8609100108653c4/5db5bb5f0f232d0015b0dbb9/thumb/salesrabbitlogo2017.png"" />","https://s3-eu-west-1.amazonaws.com/assets.knack-eu.com/assets/5d4d2c26d8609100108653c4/5db5bb5f0f232d0015b0dbb9/original/salesrabbitlogo2017.png","sales management","SalesRabbit is a sales enablement app that helps sales teams assign areas, track progress, and constantly get better at their craft.","<img src=""https://s3-eu-west-1.amazonaws.com/assets.knack-eu.com/assets/5d4d2c26d8609100108653c4/5db5bb778fbcf80016992b3a/thumb/screenshot.png"" />","https://s3-eu-west-1.amazonaws.com/assets.knack-eu.com/assets/5d4d2c26d8609100108653c4/5db5bb778fbcf80016992b3a/original/screenshot.png","Use SalesRabbit for your sales management? LegalSite integrates directly so you can be GDPR/privacy compliant!","contact@salesrabbit.com"
"Odoo ERP Self Hosted","Odoo","Zapier","https://www.odoo.com/","<img src=""https://s3-eu-west-1.amazonaws.com/assets.knack-eu.com/assets/5d4d2c26d8609100108653c4/5db5c6462ee16c0015027402/thumb/odoo_logo.png"" />","https://s3-eu-west-1.amazonaws.com/assets.knack-eu.com/assets/5d4d2c26d8609100108653c4/5db5c6462ee16c0015027402/original/odoo_logo.png","business management","Odoo ERP Self Hosted (formerly known as OpenERP) is a powerful open source platform with dozens of apps to help you grow your business. Available apps range from CRM to eCommerce, and from accounting to manufacturing and project management.","<img src=""https://s3-eu-west-1.amazonaws.com/assets.knack-eu.com/assets/5d4d2c26d8609100108653c4/5db5c641f0cc5700199b8858/thumb/screenshot.png"" />","https://s3-eu-west-1.amazonaws.com/assets.knack-eu.com/assets/5d4d2c26d8609100108653c4/5db5c641f0cc5700199b8858/original/screenshot.png","Use Odoo ERP Self Hosted for your business management? LegalSite integrates directly so you can be GDPR/privacy compliant!","privacy@odoo.com"
"SalesUp!","SalesUp","Zapier","https://www.salesup.com/","<img src=""https://s3-eu-west-1.amazonaws.com/assets.knack-eu.com/assets/5d4d2c26d8609100108653c4/5db5d8cb9d32ac0015082864/thumb/b2b32330d34e99b791dd22c27cc57d17.png"" />","https://s3-eu-west-1.amazonaws.com/assets.knack-eu.com/assets/5d4d2c26d8609100108653c4/5db5d8cb9d32ac0015082864/original/b2b32330d34e99b791dd22c27cc57d17.png","customer relationship management","SalesUp! is a platform to easy organize and create relationships with your customers, to better track leads and increase your sales.","","","Use SalesUp! for your customer relationship management? LegalSite integrates directly so you can be GDPR/privacy compliant!","info@salesup.com.mx"
"PersistIQ","PersistIQ, Inc.","Zapier","https://www.persistiq.com/","<img src=""https://s3-eu-west-1.amazonaws.com/assets.knack-eu.com/assets/5d4d2c26d8609100108653c4/5db5da63192bfe001574d023/thumb/persistiq.png"" />","https://s3-eu-west-1.amazonaws.com/assets.knack-eu.com/assets/5d4d2c26d8609100108653c4/5db5da63192bfe001574d023/original/persistiq.png","sales management","PersistIQ is software for effective outbound sales that combines communication and workflow into one easy to use system.","<img src=""https://s3-eu-west-1.amazonaws.com/assets.knack-eu.com/assets/5d4d2c26d8609100108653c4/5db5da6ac9126f0015e78006/thumb/screenshot.png"" />","https://s3-eu-west-1.amazonaws.com/assets.knack-eu.com/assets/5d4d2c26d8609100108653c4/5db5da6ac9126f0015e78006/original/screenshot.png","Use PersistIQ for your sales management? LegalSite integrates directly so you can be GDPR/privacy compliant!","privacy@persistiq.com"
"CompanyHub","CompanyHub","Zapier","https://companyhub.com/","<img src=""https://s3-eu-west-1.amazonaws.com/assets.knack-eu.com/assets/5d4d2c26d8609100108653c4/5db5ec589d32ac0015082de7/thumb/7c9862b3941bf2a4a90d49e639a45d5d.png"" />","https://s3-eu-west-1.amazonaws.com/assets.knack-eu.com/assets/5d4d2c26d8609100108653c4/5db5ec589d32ac0015082de7/original/7c9862b3941bf2a4a90d49e639a45d5d.png","customer relationship management","CompanyHub is a highly customizable CRM that you can customize, write custom logic, and create automated alerts for and more without a single line of code.","<img src=""https://s3-eu-west-1.amazonaws.com/assets.knack-eu.com/assets/5d4d2c26d8609100108653c4/5db5ec72192bfe001574d55f/thumb/screenshot.png"" />","https://s3-eu-west-1.amazonaws.com/assets.knack-eu.com/assets/5d4d2c26d8609100108653c4/5db5ec72192bfe001574d55f/original/screenshot.png","Use CompanyHub for your customer relationship management? LegalSite integrates directly so you can be GDPR/privacy compliant!","support@companyhub.com"
"JivoChat","JivoSite Inc.","Zapier","https://www.jivochat.com/","<img src=""https://s3-eu-west-1.amazonaws.com/assets.knack-eu.com/assets/5d4d2c26d8609100108653c4/5db5ed15192bfe001574d580/thumb/4104100139_jivochatlogographics.png"" />","https://s3-eu-west-1.amazonaws.com/assets.knack-eu.com/assets/5d4d2c26d8609100108653c4/5db5ed15192bfe001574d580/original/4104100139_jivochatlogographics.png","customer relationship management","JivoChat offers live chats on your website, chats with clients on Facebook, Emails, and calls in any country.","<img src=""https://s3-eu-west-1.amazonaws.com/assets.knack-eu.com/assets/5d4d2c26d8609100108653c4/5db5ed3289100300152f75e8/thumb/screenshot.png"" />","https://s3-eu-west-1.amazonaws.com/assets.knack-eu.com/assets/5d4d2c26d8609100108653c4/5db5ed3289100300152f75e8/original/screenshot.png","Use JivoChat for your customer relationship management? LegalSite integrates directly so you can be GDPR/privacy compliant!","privacy@jivochat.com"
"Spotio","Spotio","Zapier","https://spotio.com/","<img src=""https://s3-eu-west-1.amazonaws.com/assets.knack-eu.com/assets/5d4d2c26d8609100108653c4/5db5ede5f79fd10017ccc1d9/thumb/spotiologo.png"" />","https://s3-eu-west-1.amazonaws.com/assets.knack-eu.com/assets/5d4d2c26d8609100108653c4/5db5ede5f79fd10017ccc1d9/original/spotiologo.png","sales tracking","Door to door sales tracking that's fast and easy to use, with maps and reports that keep you in the know. Available for iOS, Android, and mobile web, Spotio lets you keep track of the progress of your sales force on the ground.","<img src=""https://s3-eu-west-1.amazonaws.com/assets.knack-eu.com/assets/5d4d2c26d8609100108653c4/5db5ede0a702810015fb06ee/thumb/screenshot.png"" />","https://s3-eu-west-1.amazonaws.com/assets.knack-eu.com/assets/5d4d2c26d8609100108653c4/5db5ede0a702810015fb06ee/original/screenshot.png","Use Spotio for sales tracking? LegalSite integrates directly so you can be GDPR/privacy compliant!","privacy@spotio.com"
"SuperOffice CRM","SuperOffice","Zapier","https://www.superoffice.com/","<img src=""https://s3-eu-west-1.amazonaws.com/assets.knack-eu.com/assets/5d4d2c26d8609100108653c4/5db5ee80a702810015fb070d/thumb/superofficelogo1276x225.png"" />","https://s3-eu-west-1.amazonaws.com/assets.knack-eu.com/assets/5d4d2c26d8609100108653c4/5db5ee80a702810015fb070d/original/superofficelogo1276x225.png","sales and marketing","SuperOffice CRM software helps businesses collaborate internally and improve their sales, marketing and service processes.","<img src=""https://s3-eu-west-1.amazonaws.com/assets.knack-eu.com/assets/5d4d2c26d8609100108653c4/5db5eeb889100300152f7633/thumb/screenshot.png"" />","https://s3-eu-west-1.amazonaws.com/assets.knack-eu.com/assets/5d4d2c26d8609100108653c4/5db5eeb889100300152f7633/original/screenshot.png","Use SuperOffice CRM for sales and marketing? LegalSite integrates directly so you can be GDPR/privacy compliant!","privacy@superoffice.com"
"NeonCRM","Neon One","Zapier","https://www.neoncrm.com/","<img src=""https://s3-eu-west-1.amazonaws.com/assets.knack-eu.com/assets/5d4d2c26d8609100108653c4/5db5ef096cf7d70015214fba/thumb/neonlogoonwhite.png"" />","https://s3-eu-west-1.amazonaws.com/assets.knack-eu.com/assets/5d4d2c26d8609100108653c4/5db5ef096cf7d70015214fba/original/neonlogoonwhite.png","customer relationship management","Neon is a CRM built by and for people who run nonprofits. Our nonprofit solutions grow communities, inspire audiences and scale your impact.","<img src=""https://s3-eu-west-1.amazonaws.com/assets.knack-eu.com/assets/5d4d2c26d8609100108653c4/5db5ef5b192bfe001574d605/thumb/screenshot.png"" />","https://s3-eu-west-1.amazonaws.com/assets.knack-eu.com/assets/5d4d2c26d8609100108653c4/5db5ef5b192bfe001574d605/original/screenshot.png","Use NeonCRM for your customer relationship management? LegalSite integrates directly so you can be GDPR/privacy compliant!","privacy@neoncrm.com"
"Referral Rock","Referral Rock Inc.","Zapier","https://referralrock.com/","<img src=""https://s3-eu-west-1.amazonaws.com/assets.knack-eu.com/assets/5d4d2c26d8609100108653c4/5db5f0a916f0430015ecfc8c/thumb/referralrock1559230993logo.png"" />","https://s3-eu-west-1.amazonaws.com/assets.knack-eu.com/assets/5d4d2c26d8609100108653c4/5db5f0a916f0430015ecfc8c/original/referralrock1559230993logo.png","customer relationship management","Referral Rock helps businesses to design, track and manage referral programs.","<img src=""https://s3-eu-west-1.amazonaws.com/assets.knack-eu.com/assets/5d4d2c26d8609100108653c4/5db5f0c400240500157216ea/thumb/screenshot.png"" />","https://s3-eu-west-1.amazonaws.com/assets.knack-eu.com/assets/5d4d2c26d8609100108653c4/5db5f0c400240500157216ea/original/screenshot.png","Use Referral Rock for your customer relationship management? LegalSite integrates directly so you can be GDPR/privacy compliant!","privacy@referralrock.com"
"Repsly","Repsly, Inc.","Zapier","https://www.repsly.com/","<img src=""https://s3-eu-west-1.amazonaws.com/assets.knack-eu.com/assets/5d4d2c26d8609100108653c4/5db62b7eb7755a0015235584/thumb/repslylogo.png"" />","https://s3-eu-west-1.amazonaws.com/assets.knack-eu.com/assets/5d4d2c26d8609100108653c4/5db62b7eb7755a0015235584/original/repslylogo.png","field activity management","Repsly is a field activity management software which simplifies field work. See what your field reps see in real-time and gain control of your field team.","","","Use Repsly! for your field activity management? LegalSite integrates directly so you can be GDPR/privacy compliant!","support@repsly.com"
"Fastbase","Fastbase, Inc.","Zapier","https://fastbase.com/","<img src=""https://s3-eu-west-1.amazonaws.com/assets.knack-eu.com/assets/5d4d2c26d8609100108653c4/5db62f7589100300152f86cb/thumb/fastbase.png"" />","https://s3-eu-west-1.amazonaws.com/assets.knack-eu.com/assets/5d4d2c26d8609100108653c4/5db62f7589100300152f86cb/original/fastbase.png","analyze website visitors","Fastbase is software that allows you to generate leads directly via Google Analytics.","<img src=""https://s3-eu-west-1.amazonaws.com/assets.knack-eu.com/assets/5d4d2c26d8609100108653c4/5db62f63976b45001595ebf3/thumb/screenshot.png"" />","https://s3-eu-west-1.amazonaws.com/assets.knack-eu.com/assets/5d4d2c26d8609100108653c4/5db62f63976b45001595ebf3/original/screenshot.png","Use Fastbase to analyze website visitors? LegalSite integrates directly so you can be GDPR/privacy compliant!","privacy@fastbase.com"
"Spiro","Spiro Technologies, Inc.","Zapier","https://spiro.ai/","<img src=""https://s3-eu-west-1.amazonaws.com/assets.knack-eu.com/assets/5d4d2c26d8609100108653c4/5db6300a4efd480015e75c47/thumb/spiro.png"" />","https://s3-eu-west-1.amazonaws.com/assets.knack-eu.com/assets/5d4d2c26d8609100108653c4/5db6300a4efd480015e75c47/original/spiro.png","sales management","Spiro is an AI-Powered CRM that learns your sales process to increase effectiveness and deliver more accurate business insights.","<img src=""https://s3-eu-west-1.amazonaws.com/assets.knack-eu.com/assets/5d4d2c26d8609100108653c4/5db62fe9c9126f0015e7969f/thumb/screenshot.png"" />","https://s3-eu-west-1.amazonaws.com/assets.knack-eu.com/assets/5d4d2c26d8609100108653c4/5db62fe9c9126f0015e7969f/original/screenshot.png","Use Spiro for your sales management? LegalSite integrates directly so you can be GDPR/privacy compliant!","support@spiro.ai"
"Really Simple Systems CRM","Really Simple Systems Ltd","Zapier","https://www.reallysimplesystems.com/","<img src=""https://s3-eu-west-1.amazonaws.com/assets.knack-eu.com/assets/5d4d2c26d8609100108653c4/5db6308ffa7e760015542665/thumb/reallysimple.png"" />","https://s3-eu-west-1.amazonaws.com/assets.knack-eu.com/assets/5d4d2c26d8609100108653c4/5db6308ffa7e760015542665/original/reallysimple.png","sales and marketing","Really Simple Systems CRM provides everything that a small business needs to automate their sales, marketing and customer services.<br /><br />","<img src=""https://s3-eu-west-1.amazonaws.com/assets.knack-eu.com/assets/5d4d2c26d8609100108653c4/5db630960f232d0015b0fbcc/thumb/screenshot.png"" />","https://s3-eu-west-1.amazonaws.com/assets.knack-eu.com/assets/5d4d2c26d8609100108653c4/5db630960f232d0015b0fbcc/original/screenshot.png","Use Really Simple Systems CRM for sales and marketing? LegalSite integrates directly so you can be GDPR/privacy compliant!","support@reallysimplesystems.com"
"Konnektive CRM","Konnektive","Zapier","https://konnektive.com/","<img src=""https://s3-eu-west-1.amazonaws.com/assets.knack-eu.com/assets/5d4d2c26d8609100108653c4/5db63172fe1da10015df3ba9/thumb/63da833konnektivelogo2.png"" />","https://s3-eu-west-1.amazonaws.com/assets.knack-eu.com/assets/5d4d2c26d8609100108653c4/5db63172fe1da10015df3ba9/original/63da833konnektivelogo2.png","customer relationship management","Konnektive CRM is a customer transaction and campaign management platform that helps marketers dominate.","<img src=""https://s3-eu-west-1.amazonaws.com/assets.knack-eu.com/assets/5d4d2c26d8609100108653c4/5db631568fbcf80016995467/thumb/screenshot.png"" />","https://s3-eu-west-1.amazonaws.com/assets.knack-eu.com/assets/5d4d2c26d8609100108653c4/5db631568fbcf80016995467/original/screenshot.png","Use konnektive CRM for your customer relationship management? LegalSite integrates directly so you can be GDPR/privacy compliant!","info@konnektive.com"
"ClientSuccess","ClientSuccess, Inc.","Zapier","https://www.clientsuccess.com/","<img src=""https://s3-eu-west-1.amazonaws.com/assets.knack-eu.com/assets/5d4d2c26d8609100108653c4/5db632024efd480015e75e84/thumb/clientsuccesslogo.png"" />","https://s3-eu-west-1.amazonaws.com/assets.knack-eu.com/assets/5d4d2c26d8609100108653c4/5db632024efd480015e75e84/original/clientsuccesslogo.png","customer relationship management","ClientSuccess is customer success platform that helps retain and grow existing customer bases.","<img src=""https://s3-eu-west-1.amazonaws.com/assets.knack-eu.com/assets/5d4d2c26d8609100108653c4/5db632090024050015722994/thumb/screenshot.png"" />","https://s3-eu-west-1.amazonaws.com/assets.knack-eu.com/assets/5d4d2c26d8609100108653c4/5db632090024050015722994/original/screenshot.png","Use ClientSuccess for your customer relationship management? LegalSite integrates directly so you can be GDPR/privacy compliant!","privacy@clientsuccess.com"
"Planfix","Planfix, Inc.","Zapier","https://planfix.com/","<img src=""https://s3-eu-west-1.amazonaws.com/assets.knack-eu.com/assets/5d4d2c26d8609100108653c4/5db632fcfa7e760015542dfc/thumb/planfixlogo_tagline.png"" />","https://s3-eu-west-1.amazonaws.com/assets.knack-eu.com/assets/5d4d2c26d8609100108653c4/5db632fcfa7e760015542dfc/original/planfixlogo_tagline.png","create enterprise management systems","Planfix is a platform for creating Enterprise Management Systems and allows you to configure various business processes of the company without programming.","<img src=""https://s3-eu-west-1.amazonaws.com/assets.knack-eu.com/assets/5d4d2c26d8609100108653c4/5db63311fa7e760015542ecd/thumb/screenshot.png"" />","https://s3-eu-west-1.amazonaws.com/assets.knack-eu.com/assets/5d4d2c26d8609100108653c4/5db63311fa7e760015542ecd/original/screenshot.png","Use Planfix to create enterprise management systems? LegalSite integrates directly so you can be GDPR/privacy compliant!","support@planfix.com"
"MyWifi Networks","Guest Networks Inc.","Zapier","https://www.mywifinetworks.com/","<img src=""https://s3-eu-west-1.amazonaws.com/assets.knack-eu.com/assets/5d4d2c26d8609100108653c4/5db6343816f0430015ed1054/thumb/offer.png"" />","https://s3-eu-west-1.amazonaws.com/assets.knack-eu.com/assets/5d4d2c26d8609100108653c4/5db6343816f0430015ed1054/original/offer.png","Wi-Fi monetization","MyWiFi Networks operates a Guest Wi-Fi Monetization Platform with social data capture, marketing automation & real-time analytics.","<img src=""https://s3-eu-west-1.amazonaws.com/assets.knack-eu.com/assets/5d4d2c26d8609100108653c4/5db634149d32ac0015084b3e/thumb/screenshot.png"" />","https://s3-eu-west-1.amazonaws.com/assets.knack-eu.com/assets/5d4d2c26d8609100108653c4/5db634149d32ac0015084b3e/original/screenshot.png","Use MyWifi Networks for Wi-Fi monetization? LegalSite integrates directly so you can be GDPR/privacy compliant!","privacy@mywifi.io"
"Workbooks CRM","Workbooks","Zapier","https://www.workbooks.com/","<img src=""https://s3-eu-west-1.amazonaws.com/assets.knack-eu.com/assets/5d4d2c26d8609100108653c4/5db6352d192bfe00157545f0/thumb/logo_blue_symbolmedium.png"" />","https://s3-eu-west-1.amazonaws.com/assets.knack-eu.com/assets/5d4d2c26d8609100108653c4/5db6352d192bfe00157545f0/original/logo_blue_symbolmedium.png","business management","Workbooks CRM is specifically designed for mid-sized and growing companies. Run marketing campaigns, capture leads, create quotations, manage a sales pipeline, process orders and raise invoices all in a single platform.","<img src=""https://s3-eu-west-1.amazonaws.com/assets.knack-eu.com/assets/5d4d2c26d8609100108653c4/5db63534976b4500159619b6/thumb/screenshot.png"" />","https://s3-eu-west-1.amazonaws.com/assets.knack-eu.com/assets/5d4d2c26d8609100108653c4/5db63534976b4500159619b6/original/screenshot.png","Use Workbooks CRM for your business management? LegalSite integrates directly so you can be GDPR/privacy compliant!","success@workbooks.com"
"ProAgentWebsites.com","Pro Agent Websites","Zapier","https://www.proagentwebsites.com/","<img src=""https://s3-eu-west-1.amazonaws.com/assets.knack-eu.com/assets/5d4d2c26d8609100108653c4/5db635ebf0cc5700199bc12f/thumb/0.png"" />","https://s3-eu-west-1.amazonaws.com/assets.knack-eu.com/assets/5d4d2c26d8609100108653c4/5db635ebf0cc5700199bc12f/original/0.png","customer relationship management","ProAgentWebsites.com is an integrated Real Estate Website, CRM and Marketing Tools.","<img src=""https://s3-eu-west-1.amazonaws.com/assets.knack-eu.com/assets/5d4d2c26d8609100108653c4/5db635f2a702810015fb4f7a/thumb/screenshot.png"" />","https://s3-eu-west-1.amazonaws.com/assets.knack-eu.com/assets/5d4d2c26d8609100108653c4/5db635f2a702810015fb4f7a/original/screenshot.png","Use ProAgentWebsites.com for your customer relationship management? LegalSite integrates directly so you can be GDPR/privacy compliant!","support@proagentwebsites.com"
"WebCRM","WebCRM","Zapier","https://webcrm.com","<img src=""https://s3-eu-west-1.amazonaws.com/assets.knack-eu.com/assets/5d4d2c26d8609100108653c4/5db636b9b7755a0015238ff3/thumb/webcrm_logotagline_rgb.png"" />","https://s3-eu-west-1.amazonaws.com/assets.knack-eu.com/assets/5d4d2c26d8609100108653c4/5db636b9b7755a0015238ff3/original/webcrm_logotagline_rgb.png","customer relationship management","webCRM helps your sales team with the daily workflow and overview.<br /><br />","<img src=""https://s3-eu-west-1.amazonaws.com/assets.knack-eu.com/assets/5d4d2c26d8609100108653c4/5db636ad16f0430015ed1360/thumb/screenshot.png"" />","https://s3-eu-west-1.amazonaws.com/assets.knack-eu.com/assets/5d4d2c26d8609100108653c4/5db636ad16f0430015ed1360/original/screenshot.png","Use WebCRMfor your customer relationship management? LegalSite integrates directly so you can be GDPR/privacy compliant!",""
"Visitor Queue","Visitor Queue","Zapier","https://www.visitorqueue.com/","<img src=""https://s3-eu-west-1.amazonaws.com/assets.knack-eu.com/assets/5d4d2c26d8609100108653c4/5db637c016f0430015ed1dc2/thumb/logovertical9375d8822f951c695cebe9d5b9f67abc10aa698a804967a64de2a0e9a558eb9f.png"" />","https://s3-eu-west-1.amazonaws.com/assets.knack-eu.com/assets/5d4d2c26d8609100108653c4/5db637c016f0430015ed1dc2/original/logovertical9375d8822f951c695cebe9d5b9f67abc10aa698a804967a64de2a0e9a558eb9f.png","identify website visitors","Visitor Queue is a B2B lead generation software that allows you to identify the businesses that have visited your website.","<img src=""https://s3-eu-west-1.amazonaws.com/assets.knack-eu.com/assets/5d4d2c26d8609100108653c4/5db637eefe1da10015df3edf/thumb/screenshot.png"" />","https://s3-eu-west-1.amazonaws.com/assets.knack-eu.com/assets/5d4d2c26d8609100108653c4/5db637eefe1da10015df3edf/original/screenshot.png","Use Visitor Queue to identify website visitors? LegalSite integrates directly so you can be GDPR/privacy compliant!","team@visitorqueue.com"
"Leadberry"," Brandlift, Inc.","Zapier","https://www.leadberry.com/","<img src=""https://s3-eu-west-1.amazonaws.com/assets.knack-eu.com/assets/5d4d2c26d8609100108653c4/5db638c317fc3e001af0c635/thumb/leadberry.png"" />","https://s3-eu-west-1.amazonaws.com/assets.knack-eu.com/assets/5d4d2c26d8609100108653c4/5db638c317fc3e001af0c635/original/leadberry.png","lead generation","Leadberry is a lead generation platform that converts website visitors to sales leads.","<img src=""https://s3-eu-west-1.amazonaws.com/assets.knack-eu.com/assets/5d4d2c26d8609100108653c4/5db638be0f232d0015b165f6/thumb/screenshot.png"" />","https://s3-eu-west-1.amazonaws.com/assets.knack-eu.com/assets/5d4d2c26d8609100108653c4/5db638be0f232d0015b165f6/original/screenshot.png","Use Leadberry for lead generation? LegalSite integrates directly so you can be GDPR/privacy compliant!","support@leadberry.com"
"Salesmachine","Salesmachine, Inc.","Zapier","https://www.salesmachine.io/","<img src=""https://s3-eu-west-1.amazonaws.com/assets.knack-eu.com/assets/5d4d2c26d8609100108653c4/5db6396e0f232d0015b1707d/thumb/salesmachine_logo_blue.png"" />","https://s3-eu-west-1.amazonaws.com/assets.knack-eu.com/assets/5d4d2c26d8609100108653c4/5db6396e0f232d0015b1707d/original/salesmachine_logo_blue.png","sales and marketing","Salesmachine is a customer intelligence platform for sales teams and customer success.","<img src=""https://s3-eu-west-1.amazonaws.com/assets.knack-eu.com/assets/5d4d2c26d8609100108653c4/5db639619d32ac0015084d38/thumb/screenshot.png"" />","https://s3-eu-west-1.amazonaws.com/assets.knack-eu.com/assets/5d4d2c26d8609100108653c4/5db639619d32ac0015084d38/original/screenshot.png","Use Salesmachine for sales and marketing? LegalSite integrates directly so you can be GDPR/privacy compliant!","legal@salesmachine.io"
"Agent 3000","Direct Axess, LLC.","Zapier","https://agent3000.com/","<img src=""https://s3-eu-west-1.amazonaws.com/assets.knack-eu.com/assets/5d4d2c26d8609100108653c4/5db63a406cf7d70015218d3c/thumb/loginimage2.png"" />","https://s3-eu-west-1.amazonaws.com/assets.knack-eu.com/assets/5d4d2c26d8609100108653c4/5db63a406cf7d70015218d3c/original/loginimage2.png","marketing tools","Agent 3000 provides a Website, IDX, CRM and all the necessary marketing tools a REALTOR needs.","<img src=""https://s3-eu-west-1.amazonaws.com/assets.knack-eu.com/assets/5d4d2c26d8609100108653c4/5db63a77192bfe0015756bb2/thumb/screenshot.png"" />","https://s3-eu-west-1.amazonaws.com/assets.knack-eu.com/assets/5d4d2c26d8609100108653c4/5db63a77192bfe0015756bb2/original/screenshot.png","Use Agent 3000 for your marketing tools? LegalSite integrates directly so you can be GDPR/privacy compliant!","support@agent3000.com"
"Axonaut","Axonaut","Zapier","https://axonaut.com/","<img src=""https://s3-eu-west-1.amazonaws.com/assets.knack-eu.com/assets/5d4d2c26d8609100108653c4/5db63af017fc3e001af0c6a0/thumb/unnamed.png"" />","https://s3-eu-west-1.amazonaws.com/assets.knack-eu.com/assets/5d4d2c26d8609100108653c4/5db63af017fc3e001af0c6a0/original/unnamed.png","customer relationship management","Axonaut is a CRM and more: follow your customer from before the first contact, beginning at the marketing campaign, though negotiations, billing, bank reconciliation.","<img src=""https://s3-eu-west-1.amazonaws.com/assets.knack-eu.com/assets/5d4d2c26d8609100108653c4/5db63b0289100300152fdd5d/thumb/screenshot.png"" />","https://s3-eu-west-1.amazonaws.com/assets.knack-eu.com/assets/5d4d2c26d8609100108653c4/5db63b0289100300152fdd5d/original/screenshot.png","Use Axonaut for your customer relationship management? LegalSite integrates directly so you can be GDPR/privacy compliant!","contact@axonaut.com"
"Teamwave","TeamWave Inc.","Zapier","https://teamwave.com/","<img src=""https://s3-eu-west-1.amazonaws.com/assets.knack-eu.com/assets/5d4d2c26d8609100108653c4/5db63b80b7755a001523addc/thumb/teamwavelogo.png"" />","https://s3-eu-west-1.amazonaws.com/assets.knack-eu.com/assets/5d4d2c26d8609100108653c4/5db63b80b7755a001523addc/original/teamwavelogo.png","project management","TeamWave is an unified platform for project management, CRM, and HR software for small businesses","<img src=""https://s3-eu-west-1.amazonaws.com/assets.knack-eu.com/assets/5d4d2c26d8609100108653c4/5db63b9c8a86520015f07467/thumb/screenshot.png"" />","https://s3-eu-west-1.amazonaws.com/assets.knack-eu.com/assets/5d4d2c26d8609100108653c4/5db63b9c8a86520015f07467/original/screenshot.png","Use Teamwave for your project management? LegalSite integrates directly so you can be GDPR/privacy compliant!","support@teamwave.com"
"AdviserLogic","Adviserlogic Software Private Limited","Zapier","https://www.adviserlogic.com.au/","<img src=""https://s3-eu-west-1.amazonaws.com/assets.knack-eu.com/assets/5d4d2c26d8609100108653c4/5db63c570024050015722d0f/thumb/adviserlogiclogocolourrgbmedium.png"" />","https://s3-eu-west-1.amazonaws.com/assets.knack-eu.com/assets/5d4d2c26d8609100108653c4/5db63c570024050015722d0f/original/adviserlogiclogocolourrgbmedium.png","financial planning","AdviserLogic provides financial planning through intelligent tools like Need Analysis, RIskLogic, Research, SuperLogic and Cashflow.","<img src=""https://s3-eu-west-1.amazonaws.com/assets.knack-eu.com/assets/5d4d2c26d8609100108653c4/5db63c8f192bfe0015756c1e/thumb/screenshot.png"" />","https://s3-eu-west-1.amazonaws.com/assets.knack-eu.com/assets/5d4d2c26d8609100108653c4/5db63c8f192bfe0015756c1e/original/screenshot.png","Use AdviserLogic for financial planning? LegalSite integrates directly so you can be GDPR/privacy compliant!","info@adviserlogic.com"
"Real Estate Webmasters","Real Estate Webmasters Inc.","Zapier","https://www.realestatewebmasters.com/","<img src=""https://s3-eu-west-1.amazonaws.com/assets.knack-eu.com/assets/5d4d2c26d8609100108653c4/5db63d86976b450015961bba/thumb/logo_rew_black_2018.png"" />","https://s3-eu-west-1.amazonaws.com/assets.knack-eu.com/assets/5d4d2c26d8609100108653c4/5db63d86976b450015961bba/original/logo_rew_black_2018.png","customer relationship management","Real Estate Webmasters is a real estate Software-as-a-Service CRM.","<img src=""https://s3-eu-west-1.amazonaws.com/assets.knack-eu.com/assets/5d4d2c26d8609100108653c4/5db63d8cf0cc5700199bd26c/thumb/screenshot.png"" />","https://s3-eu-west-1.amazonaws.com/assets.knack-eu.com/assets/5d4d2c26d8609100108653c4/5db63d8cf0cc5700199bd26c/original/screenshot.png","Use Real Estate Webmasters for your customer relationship management? LegalSite integrates directly so you can be GDPR/privacy compliant!","marketing@realestatewebmasters.com"
"Sellf","Sellf srl","Zapier","http://sellfapp.com/","<img src=""https://s3-eu-west-1.amazonaws.com/assets.knack-eu.com/assets/5d4d2c26d8609100108653c4/5db63e61976b450015961c02/thumb/bf7540b6e6adc79503ebdaae397b48ab.png"" />","https://s3-eu-west-1.amazonaws.com/assets.knack-eu.com/assets/5d4d2c26d8609100108653c4/5db63e61976b450015961c02/original/bf7540b6e6adc79503ebdaae397b48ab.png","customer relationship management","Sellf is the Runkeeper for sales, a CRM software for deal makers. Manage prospects, customers and deals, organize your time and collaborate with your team.","<img src=""https://s3-eu-west-1.amazonaws.com/assets.knack-eu.com/assets/5d4d2c26d8609100108653c4/5db63e6bf0cc5700199bd2b3/thumb/screenshot.png"" />","https://s3-eu-west-1.amazonaws.com/assets.knack-eu.com/assets/5d4d2c26d8609100108653c4/5db63e6bf0cc5700199bd2b3/original/screenshot.png","Use Selff for your customer relationship management? LegalSite integrates directly so you can be GDPR/privacy compliant!","privacy@sellfapp.com"
"KarmaCRM","Karma Software, Inc.","Zapier","https://www.karmacrm.com/","<img src=""https://s3-eu-west-1.amazonaws.com/assets.knack-eu.com/assets/5d4d2c26d8609100108653c4/5db63f534efd480015e7da1f/thumb/01.png"" />","https://s3-eu-west-1.amazonaws.com/assets.knack-eu.com/assets/5d4d2c26d8609100108653c4/5db63f534efd480015e7da1f/original/01.png","customer relationship management","KarmaCRM is a simple CRM that helps you nurture personalized relationships at scale by connecting your email, calendar and team to bring all your data into a single place.","<img src=""https://s3-eu-west-1.amazonaws.com/assets.knack-eu.com/assets/5d4d2c26d8609100108653c4/5db63eefa702810015fba0e5/thumb/screenshot.png"" />","https://s3-eu-west-1.amazonaws.com/assets.knack-eu.com/assets/5d4d2c26d8609100108653c4/5db63eefa702810015fba0e5/original/screenshot.png","Use KarmaCRM for your customer relationship management? LegalSite integrates directly so you can be GDPR/privacy compliant!","support@karmacrm.com"
"FreeAgent CRM","Free Agent Network, Inc.","Zapier","https://freeagentcrm.com/","<img src=""https://s3-eu-west-1.amazonaws.com/assets.knack-eu.com/assets/5d4d2c26d8609100108653c4/5db6402cfa7e76001554a67e/thumb/02.png"" />","https://s3-eu-west-1.amazonaws.com/assets.knack-eu.com/assets/5d4d2c26d8609100108653c4/5db6402cfa7e76001554a67e/original/02.png","sales and marketing","FreeAgent CRM is a sales, marketing and customer service platform for businesses big-and-small who care about their customers.","<img src=""https://s3-eu-west-1.amazonaws.com/assets.knack-eu.com/assets/5d4d2c26d8609100108653c4/5db64031f0cc5700199bd31b/thumb/screenshot.png"" />","https://s3-eu-west-1.amazonaws.com/assets.knack-eu.com/assets/5d4d2c26d8609100108653c4/5db64031f0cc5700199bd31b/original/screenshot.png","Use FreeAgent CRM for your customer relationship management? LegalSite integrates directly so you can be GDPR/privacy compliant!","support@freeagentcrm.com"
"Flexie CRM","Flexie","Zapier","https://flexie.io/","<img src=""https://s3-eu-west-1.amazonaws.com/assets.knack-eu.com/assets/5d4d2c26d8609100108653c4/5db6410d2ee16c001502c02e/thumb/flexie.png"" />","https://s3-eu-west-1.amazonaws.com/assets.knack-eu.com/assets/5d4d2c26d8609100108653c4/5db6410d2ee16c001502c02e/original/flexie.png","relationship management","Flexie CRM solution is built to help sales teams stay organized, nurture leads, close more deals, and improve overall productivity.","<img src=""https://s3-eu-west-1.amazonaws.com/assets.knack-eu.com/assets/5d4d2c26d8609100108653c4/5db64107fe1da10015df410d/thumb/screenshot.png"" />","https://s3-eu-west-1.amazonaws.com/assets.knack-eu.com/assets/5d4d2c26d8609100108653c4/5db64107fe1da10015df410d/original/screenshot.png","Use Flexie CRM for your relationship management? LegalSite integrates directly so you can be GDPR/privacy compliant!","support@flexie.io"
"RevBoss","RevBoss, Inc.","Zapier","https://www.revboss.com/","<img src=""https://s3-eu-west-1.amazonaws.com/assets.knack-eu.com/assets/5d4d2c26d8609100108653c4/5db64212c9126f0015e7c8e6/thumb/revbossverticalorange1024x800.png"" />","https://s3-eu-west-1.amazonaws.com/assets.knack-eu.com/assets/5d4d2c26d8609100108653c4/5db64212c9126f0015e7c8e6/original/revbossverticalorange1024x800.png","sales tool","RevBoss is a simple tool to help sales teams to find prospects, build pipeline, and grow faster.","<img src=""https://s3-eu-west-1.amazonaws.com/assets.knack-eu.com/assets/5d4d2c26d8609100108653c4/5db64218976b450015961cf7/thumb/screenshot.png"" />","https://s3-eu-west-1.amazonaws.com/assets.knack-eu.com/assets/5d4d2c26d8609100108653c4/5db64218976b450015961cf7/original/screenshot.png","Use RevBoss for sales tool? LegalSite integrates directly so you can be GDPR/privacy compliant!",""
"ForceManager","Tritium Software, S.L.","Zapier","https://www.forcemanager.com/","<img src=""https://s3-eu-west-1.amazonaws.com/assets.knack-eu.com/assets/5d4d2c26d8609100108653c4/5db643c9b7755a001523afc6/thumb/forcemanager.png"" />","https://s3-eu-west-1.amazonaws.com/assets.knack-eu.com/assets/5d4d2c26d8609100108653c4/5db643c9b7755a001523afc6/original/forcemanager.png","sales management","ForceManager is a mobile CRM that allows you to measure, analyse and improve your sales team’s performance.","<img src=""https://s3-eu-west-1.amazonaws.com/assets.knack-eu.com/assets/5d4d2c26d8609100108653c4/5db643d18fbcf800169a2733/thumb/screenshot.png"" />","https://s3-eu-west-1.amazonaws.com/assets.knack-eu.com/assets/5d4d2c26d8609100108653c4/5db643d18fbcf800169a2733/original/screenshot.png","Use ForceManager for your sales management? LegalSite integrates directly so you can be GDPR/privacy compliant!","gdpr@forcemanager.net"
"UPilot","Upilot India Private Limited","Zapier","https://upilot.com/","<img src=""https://s3-eu-west-1.amazonaws.com/assets.knack-eu.com/assets/5d4d2c26d8609100108653c4/5db646988a86520015f07756/thumb/upilothdhorizontalnobgd.png"" />","https://s3-eu-west-1.amazonaws.com/assets.knack-eu.com/assets/5d4d2c26d8609100108653c4/5db646988a86520015f07756/original/upilothdhorizontalnobgd.png","business management","UPilot is a CRM with advanced features like role-based access and control, email tracking, revenue forecast, all on a single platform and easy to use interface, resulting in enthusiastic user adoption in fast-growing companies.","<img src=""https://s3-eu-west-1.amazonaws.com/assets.knack-eu.com/assets/5d4d2c26d8609100108653c4/5db646d7a702810015fba39c/thumb/screenshot.png"" />","https://s3-eu-west-1.amazonaws.com/assets.knack-eu.com/assets/5d4d2c26d8609100108653c4/5db646d7a702810015fba39c/original/screenshot.png","Use UPilot for your business management? LegalSite integrates directly so you can be GDPR/privacy compliant!","privacy@upilot.com"
"Amped","Vantage Communications, LLC","Zapier","http://www.amped.ai/","<img src=""https://s3-eu-west-1.amazonaws.com/assets.knack-eu.com/assets/5d4d2c26d8609100108653c4/5db6479df79fd10017cdaf46/thumb/f3d76eb13e175bcebecc17ad1448cc36.png"" />","https://s3-eu-west-1.amazonaws.com/assets.knack-eu.com/assets/5d4d2c26d8609100108653c4/5db6479df79fd10017cdaf46/original/f3d76eb13e175bcebecc17ad1448cc36.png","sales tool","Amped is an intelligent sales automation tool that enhances productivity, streamlines process, and empowers your sales teams to close more and increase retention.","<img src=""https://s3-eu-west-1.amazonaws.com/assets.knack-eu.com/assets/5d4d2c26d8609100108653c4/5db6471cb7755a001523b0e3/thumb/screenshot.png"" />","https://s3-eu-west-1.amazonaws.com/assets.knack-eu.com/assets/5d4d2c26d8609100108653c4/5db6471cb7755a001523b0e3/original/screenshot.png","Use Amped for sales tools? LegalSite integrates directly so you can be GDPR/privacy compliant!","support-vantagecrm@vantage.com"
"Magnetic","Magnetic Software","Zapier","https://www.magnetichq.com/","<img src=""https://s3-eu-west-1.amazonaws.com/assets.knack-eu.com/assets/5d4d2c26d8609100108653c4/5db648018a86520015f0779b/thumb/magneticalternativelogohighreswhite.png"" />","https://s3-eu-west-1.amazonaws.com/assets.knack-eu.com/assets/5d4d2c26d8609100108653c4/5db648018a86520015f0779b/original/magneticalternativelogohighreswhite.png","business management","Magnetic is a cloud based business management app that allows you to manage your whole business. We have modules focused on CRM, Project Management, Accounts and HR.","<img src=""https://s3-eu-west-1.amazonaws.com/assets.knack-eu.com/assets/5d4d2c26d8609100108653c4/5db6482fb7755a001523b119/thumb/screenshot.png"" />","https://s3-eu-west-1.amazonaws.com/assets.knack-eu.com/assets/5d4d2c26d8609100108653c4/5db6482fb7755a001523b119/original/screenshot.png","Use Magnetic for your business management? LegalSite integrates directly so you can be GDPR/privacy compliant!","support@magnetichq.com"
"Totango","Totango Ltd.","Zapier","https://www.totango.com/","<img src=""https://s3-eu-west-1.amazonaws.com/assets.knack-eu.com/assets/5d4d2c26d8609100108653c4/5db649e216f0430015ed3eee/thumb/5abc6c4b0a243a597739ef51_totangonavlogo.png"" />","https://s3-eu-west-1.amazonaws.com/assets.knack-eu.com/assets/5d4d2c26d8609100108653c4/5db649e216f0430015ed3eee/original/5abc6c4b0a243a597739ef51_totangonavlogo.png","customer relationship management","Totango is a Customer Engagement Management platform.","<img src=""https://s3-eu-west-1.amazonaws.com/assets.knack-eu.com/assets/5d4d2c26d8609100108653c4/5db649da976b450015961f05/thumb/screenshot.png"" />","https://s3-eu-west-1.amazonaws.com/assets.knack-eu.com/assets/5d4d2c26d8609100108653c4/5db649da976b450015961f05/original/screenshot.png","Use Totango for your customer relationship management? LegalSite integrates directly so you can be GDPR/privacy compliant!","privacy@totango.com"
